"fecha_hecho","cod_depto","departamento","cod_muni","municipio","zona","sexo","cantidad"
"2004-07-16T00:00:00.000","76","VALLE DEL CAUCA","76364","JAMUNDI","URBANA","FEMENINO","1"
"2005-05-05T00:00:00.000","76","VALLE DEL CAUCA","76364","JAMUNDI","URBANA","FEMENINO","1"
"2005-05-12T00:00:00.000","76","VALLE DEL CAUCA","76364","JAMUNDI","URBANA","FEMENINO","1"
"2005-08-03T00:00:00.000","76","VALLE DEL CAUCA","76364","JAMUNDI","RURAL","FEMENINO","1"
"2006-01-12T00:00:00.000","76","VALLE DEL CAUCA","76364","JAMUNDI","RURAL","FEMENINO","1"
"2006-03-04T00:00:00.000","76","VALLE DEL CAUCA","76364","JAMUNDI","RURAL","FEMENINO","1"
"2006-03-31T00:00:00.000","76","VALLE DEL CAUCA","76364","JAMUNDI","RURAL","FEMENINO","1"
"2006-05-17T00:00:00.000","76","VALLE DEL CAUCA","76364","JAMUNDI","URBANA","FEMENINO","1"
"2006-07-15T00:00:00.000","76","VALLE DEL CAUCA","76364","JAMUNDI","RURAL","FEMENINO","1"
"2006-08-20T00:00:00.000","76","VALLE DEL CAUCA","76364","JAMUNDI","URBANA","FEMENINO","1"
"2006-09-24T00:00:00.000","76","VALLE DEL CAUCA","76364","JAMUNDI","RURAL","FEMENINO","1"
"2006-09-25T00:00:00.000","76","VALLE DEL CAUCA","76364","JAMUNDI","URBANA","FEMENINO","1"
"2006-11-01T00:00:00.000","76","VALLE DEL CAUCA","76364","JAMUNDI","URBANA","FEMENINO","1"
"2006-11-04T00:00:00.000","76","VALLE DEL CAUCA","76364","JAMUNDI","URBANA","FEMENINO","1"
"2006-11-19T00:00:00.000","76","VALLE DEL CAUCA","76364","JAMUNDI","RURAL","FEMENINO","1"
"2007-02-18T00:00:00.000","76","VALLE DEL CAUCA","76364","JAMUNDI","RURAL","FEMENINO","1"
"2007-03-19T00:00:00.000","76","VALLE DEL CAUCA","76364","JAMUNDI","RURAL","FEMENINO","1"
"2007-12-05T00:00:00.000","76","VALLE DEL CAUCA","76364","JAMUNDI","URBANA","MASCULINO","1"
"2008-01-01T00:00:00.000","76","VALLE DEL CAUCA","76364","JAMUNDI","URBANA","FEMENINO","1"
"2008-01-13T00:00:00.000","76","VALLE DEL CAUCA","76364","JAMUNDI","RURAL","FEMENINO","1"
"2008-02-01T00:00:00.000","76","VALLE DEL CAUCA","76364","JAMUNDI","URBANA","FEMENINO","1"
"2008-02-08T00:00:00.000","76","VALLE DEL CAUCA","76364","JAMUNDI","URBANA","FEMENINO","1"
"2008-03-04T00:00:00.000","76","VALLE DEL CAUCA","76364","JAMUNDI","URBANA","FEMENINO","1"
"2008-03-30T00:00:00.000","76","VALLE DEL CAUCA","76364","JAMUNDI","URBANA","FEMENINO","1"
"2008-05-17T00:00:00.000","76","VALLE DEL CAUCA","76364","JAMUNDI","RURAL","FEMENINO","1"
"2008-05-18T00:00:00.000","76","VALLE DEL CAUCA","76364","JAMUNDI","RURAL","FEMENINO","1"
"2008-05-20T00:00:00.000","76","VALLE DEL CAUCA","76364","JAMUNDI","URBANA","FEMENINO","1"
"2008-06-21T00:00:00.000","76","VALLE DEL CAUCA","76364","JAMUNDI","URBANA","FEMENINO","1"
"2008-07-14T00:00:00.000","76","VALLE DEL CAUCA","76364","JAMUNDI","URBANA","FEMENINO","1"
"2008-08-19T00:00:00.000","76","VALLE DEL CAUCA","76364","JAMUNDI","RURAL","FEMENINO","1"
"2008-08-19T00:00:00.000","76","VALLE DEL CAUCA","76364","JAMUNDI","URBANA","FEMENINO","1"
"2008-08-20T00:00:00.000","76","VALLE DEL CAUCA","76364","JAMUNDI","RURAL","FEMENINO","1"
"2008-08-23T00:00:00.000","76","VALLE DEL CAUCA","76364","JAMUNDI","RURAL","FEMENINO","1"
"2008-09-16T00:00:00.000","76","VALLE DEL CAUCA","76364","JAMUNDI","URBANA","FEMENINO","1"
"2008-09-30T00:00:00.000","76","VALLE DEL CAUCA","76364","JAMUNDI","RURAL","FEMENINO","1"
"2008-10-03T00:00:00.000","76","VALLE DEL CAUCA","76364","JAMUNDI","RURAL","MASCULINO","1"
"2008-10-30T00:00:00.000","76","VALLE DEL CAUCA","76364","JAMUNDI","URBANA","FEMENINO","1"
"2008-11-23T00:00:00.000","76","VALLE DEL CAUCA","76364","JAMUNDI","URBANA","FEMENINO","1"
"2008-11-24T00:00:00.000","76","VALLE DEL CAUCA","76364","JAMUNDI","URBANA","FEMENINO","1"
"2009-01-01T00:00:00.000","76","VALLE DEL CAUCA","76364","JAMUNDI","URBANA","FEMENINO","1"
"2009-01-25T00:00:00.000","76","VALLE DEL CAUCA","76364","JAMUNDI","URBANA","FEMENINO","1"
"2009-02-10T00:00:00.000","76","VALLE DEL CAUCA","76364","JAMUNDI","URBANA","FEMENINO","1"
"2009-02-14T00:00:00.000","76","VALLE DEL CAUCA","76364","JAMUNDI","URBANA","MASCULINO","1"
"2009-02-14T00:00:00.000","76","VALLE DEL CAUCA","76364","JAMUNDI","URBANA","MASCULINO","1"
"2009-02-15T00:00:00.000","76","VALLE DEL CAUCA","76364","JAMUNDI","RURAL","FEMENINO","1"
"2009-03-24T00:00:00.000","76","VALLE DEL CAUCA","76364","JAMUNDI","URBANA","FEMENINO","1"
"2009-04-10T00:00:00.000","76","VALLE DEL CAUCA","76364","JAMUNDI","URBANA","FEMENINO","1"
"2009-04-17T00:00:00.000","76","VALLE DEL CAUCA","76364","JAMUNDI","RURAL","FEMENINO","1"
"2009-04-25T00:00:00.000","76","VALLE DEL CAUCA","76364","JAMUNDI","URBANA","FEMENINO","1"
"2009-06-01T00:00:00.000","76","VALLE DEL CAUCA","76364","JAMUNDI","RURAL","FEMENINO","1"
"2009-06-19T00:00:00.000","76","VALLE DEL CAUCA","76364","JAMUNDI","URBANA","FEMENINO","1"
"2009-08-28T00:00:00.000","76","VALLE DEL CAUCA","76364","JAMUNDI","URBANA","FEMENINO","1"
"2009-09-04T00:00:00.000","76","VALLE DEL CAUCA","76364","JAMUNDI","URBANA","FEMENINO","1"
"2009-09-19T00:00:00.000","76","VALLE DEL CAUCA","76364","JAMUNDI","RURAL","FEMENINO","1"
"2009-09-27T00:00:00.000","76","VALLE DEL CAUCA","76364","JAMUNDI","URBANA","FEMENINO","1"
"2009-10-05T00:00:00.000","76","VALLE DEL CAUCA","76364","JAMUNDI","URBANA","FEMENINO","1"
"2009-10-29T00:00:00.000","76","VALLE DEL CAUCA","76364","JAMUNDI","URBANA","FEMENINO","1"
"2009-11-14T00:00:00.000","76","VALLE DEL CAUCA","76364","JAMUNDI","RURAL","FEMENINO","1"
"2009-12-02T00:00:00.000","76","VALLE DEL CAUCA","76364","JAMUNDI","URBANA","FEMENINO","1"
"2009-12-04T00:00:00.000","76","VALLE DEL CAUCA","76364","JAMUNDI","URBANA","FEMENINO","1"
"2009-12-06T00:00:00.000","76","VALLE DEL CAUCA","76364","JAMUNDI","URBANA","FEMENINO","1"
"2009-12-06T00:00:00.000","76","VALLE DEL CAUCA","76364","JAMUNDI","URBANA","FEMENINO","1"
"2009-12-07T00:00:00.000","76","VALLE DEL CAUCA","76364","JAMUNDI","RURAL","FEMENINO","1"
"2009-12-27T00:00:00.000","76","VALLE DEL CAUCA","76364","JAMUNDI","URBANA","MASCULINO","1"
"2010-02-01T00:00:00.000","76","VALLE DEL CAUCA","76364","JAMUNDI","URBANA","FEMENINO","1"
"2010-02-12T00:00:00.000","76","VALLE DEL CAUCA","76364","JAMUNDI","URBANA","FEMENINO","1"
"2010-03-12T00:00:00.000","76","VALLE DEL CAUCA","76364","JAMUNDI","URBANA","FEMENINO","1"
"2010-04-08T00:00:00.000","76","VALLE DEL CAUCA","76364","JAMUNDI","URBANA","MASCULINO","1"
"2010-05-25T00:00:00.000","76","VALLE DEL CAUCA","76364","JAMUNDI","RURAL","FEMENINO","1"
"2010-07-05T00:00:00.000","76","VALLE DEL CAUCA","76364","JAMUNDI","RURAL","FEMENINO","1"
"2010-08-12T00:00:00.000","76","VALLE DEL CAUCA","76364","JAMUNDI","URBANA","FEMENINO","1"
"2010-10-11T00:00:00.000","76","VALLE DEL CAUCA","76364","JAMUNDI","URBANA","FEMENINO","1"
"2010-10-17T00:00:00.000","76","VALLE DEL CAUCA","76364","JAMUNDI","RURAL","FEMENINO","1"
"2010-12-26T00:00:00.000","76","VALLE DEL CAUCA","76364","JAMUNDI","URBANA","MASCULINO","1"
"2011-01-01T00:00:00.000","76","VALLE DEL CAUCA","76364","JAMUNDI","URBANA","FEMENINO","1"
"2011-01-19T00:00:00.000","76","VALLE DEL CAUCA","76364","JAMUNDI","URBANA","FEMENINO","1"
"2011-01-21T00:00:00.000","76","VALLE DEL CAUCA","76364","JAMUNDI","URBANA","FEMENINO","1"
"2011-01-22T00:00:00.000","76","VALLE DEL CAUCA","76364","JAMUNDI","URBANA","MASCULINO","1"
"2011-01-29T00:00:00.000","76","VALLE DEL CAUCA","76364","JAMUNDI","URBANA","FEMENINO","1"
"2011-02-16T00:00:00.000","76","VALLE DEL CAUCA","76364","JAMUNDI","RURAL","FEMENINO","1"
"2011-03-07T00:00:00.000","76","VALLE DEL CAUCA","76364","JAMUNDI","URBANA","FEMENINO","1"
"2011-05-02T00:00:00.000","76","VALLE DEL CAUCA","76364","JAMUNDI","URBANA","FEMENINO","1"
"2011-06-10T00:00:00.000","76","VALLE DEL CAUCA","76364","JAMUNDI","URBANA","FEMENINO","1"
"2011-08-05T00:00:00.000","76","VALLE DEL CAUCA","76364","JAMUNDI","RURAL","FEMENINO","1"
"2011-10-27T00:00:00.000","76","VALLE DEL CAUCA","76364","JAMUNDI","URBANA","MASCULINO","1"
"2011-11-02T00:00:00.000","76","VALLE DEL CAUCA","76364","JAMUNDI","URBANA","MASCULINO","1"
"2011-11-14T00:00:00.000","76","VALLE DEL CAUCA","76364","JAMUNDI","URBANA","FEMENINO","1"
"2011-11-14T00:00:00.000","76","VALLE DEL CAUCA","76364","JAMUNDI","URBANA","MASCULINO","1"
"2011-12-16T00:00:00.000","76","VALLE DEL CAUCA","76364","JAMUNDI","RURAL","FEMENINO","1"
"2012-02-02T00:00:00.000","76","VALLE DEL CAUCA","76364","JAMUNDI","RURAL","FEMENINO","1"
"2012-03-18T00:00:00.000","76","VALLE DEL CAUCA","76364","JAMUNDI","URBANA","FEMENINO","1"
"2012-03-29T00:00:00.000","76","VALLE DEL CAUCA","76364","JAMUNDI","URBANA","FEMENINO","1"
"2012-04-08T00:00:00.000","76","VALLE DEL CAUCA","76364","JAMUNDI","URBANA","MASCULINO","1"
"2012-04-12T00:00:00.000","76","VALLE DEL CAUCA","76364","JAMUNDI","URBANA","FEMENINO","1"
"2012-04-19T00:00:00.000","76","VALLE DEL CAUCA","76364","JAMUNDI","RURAL","FEMENINO","1"
"2012-04-21T00:00:00.000","76","VALLE DEL CAUCA","76364","JAMUNDI","RURAL","FEMENINO","1"
"2012-04-27T00:00:00.000","76","VALLE DEL CAUCA","76364","JAMUNDI","RURAL","FEMENINO","1"
"2012-05-17T00:00:00.000","76","VALLE DEL CAUCA","76364","JAMUNDI","URBANA","FEMENINO","1"
"2012-05-19T00:00:00.000","76","VALLE DEL CAUCA","76364","JAMUNDI","URBANA","FEMENINO","1"
"2012-05-21T00:00:00.000","76","VALLE DEL CAUCA","76364","JAMUNDI","RURAL","FEMENINO","1"
"2012-05-26T00:00:00.000","76","VALLE DEL CAUCA","76364","JAMUNDI","RURAL","FEMENINO","1"
"2012-06-15T00:00:00.000","76","VALLE DEL CAUCA","76364","JAMUNDI","URBANA","FEMENINO","1"
"2012-06-20T00:00:00.000","76","VALLE DEL CAUCA","76364","JAMUNDI","URBANA","FEMENINO","1"
"2012-06-24T00:00:00.000","76","VALLE DEL CAUCA","76364","JAMUNDI","URBANA","FEMENINO","1"
"2012-07-03T00:00:00.000","76","VALLE DEL CAUCA","76364","JAMUNDI","URBANA","FEMENINO","1"
"2012-07-15T00:00:00.000","76","VALLE DEL CAUCA","76364","JAMUNDI","URBANA","FEMENINO","1"
"2012-07-24T00:00:00.000","76","VALLE DEL CAUCA","76364","JAMUNDI","RURAL","FEMENINO","1"
"2012-08-09T00:00:00.000","76","VALLE DEL CAUCA","76364","JAMUNDI","RURAL","FEMENINO","1"
"2012-08-29T00:00:00.000","76","VALLE DEL CAUCA","76364","JAMUNDI","URBANA","FEMENINO","1"
"2012-11-15T00:00:00.000","76","VALLE DEL CAUCA","76364","JAMUNDI","RURAL","FEMENINO","1"
"2012-11-15T00:00:00.000","76","VALLE DEL CAUCA","76364","JAMUNDI","RURAL","FEMENINO","1"
"2012-12-02T00:00:00.000","76","VALLE DEL CAUCA","76364","JAMUNDI","RURAL","MASCULINO","1"
"2012-12-18T00:00:00.000","76","VALLE DEL CAUCA","76364","JAMUNDI","RURAL","FEMENINO","1"
"2013-01-05T00:00:00.000","76","VALLE DEL CAUCA","76364","JAMUNDI","URBANA","FEMENINO","1"
"2013-01-06T00:00:00.000","76","VALLE DEL CAUCA","76364","JAMUNDI","URBANA","FEMENINO","1"
"2013-02-05T00:00:00.000","76","VALLE DEL CAUCA","76364","JAMUNDI","RURAL","FEMENINO","1"
"2013-02-16T00:00:00.000","76","VALLE DEL CAUCA","76364","JAMUNDI","URBANA","MASCULINO","1"
"2013-02-20T00:00:00.000","76","VALLE DEL CAUCA","76364","JAMUNDI","URBANA","FEMENINO","1"
"2013-05-02T00:00:00.000","76","VALLE DEL CAUCA","76364","JAMUNDI","URBANA","FEMENINO","2"
"2013-05-04T00:00:00.000","76","VALLE DEL CAUCA","76364","JAMUNDI","RURAL","FEMENINO","1"
"2013-05-21T00:00:00.000","76","VALLE DEL CAUCA","76364","JAMUNDI","URBANA","FEMENINO","1"
"2013-06-01T00:00:00.000","76","VALLE DEL CAUCA","76364","JAMUNDI","URBANA","MASCULINO","1"
"2013-06-04T00:00:00.000","76","VALLE DEL CAUCA","76364","JAMUNDI","RURAL","MASCULINO","1"
"2013-06-05T00:00:00.000","76","VALLE DEL CAUCA","76364","JAMUNDI","RURAL","FEMENINO","1"
"2013-06-08T00:00:00.000","76","VALLE DEL CAUCA","76364","JAMUNDI","URBANA","FEMENINO","1"
"2013-06-10T00:00:00.000","76","VALLE DEL CAUCA","76364","JAMUNDI","URBANA","FEMENINO","1"
"2013-06-30T00:00:00.000","76","VALLE DEL CAUCA","76364","JAMUNDI","URBANA","FEMENINO","1"
"2013-07-01T00:00:00.000","76","VALLE DEL CAUCA","76364","JAMUNDI","URBANA","MASCULINO","1"
"2013-08-21T00:00:00.000","76","VALLE DEL CAUCA","76364","JAMUNDI","URBANA","FEMENINO","1"
"2013-08-21T00:00:00.000","76","VALLE DEL CAUCA","76364","JAMUNDI","URBANA","FEMENINO","1"
"2013-09-07T00:00:00.000","76","VALLE DEL CAUCA","76364","JAMUNDI","URBANA","FEMENINO","1"
"2013-09-20T00:00:00.000","76","VALLE DEL CAUCA","76364","JAMUNDI","URBANA","FEMENINO","1"
"2013-09-22T00:00:00.000","76","VALLE DEL CAUCA","76364","JAMUNDI","RURAL","FEMENINO","1"
"2013-09-26T00:00:00.000","76","VALLE DEL CAUCA","76364","JAMUNDI","RURAL","MASCULINO","1"
"2013-10-05T00:00:00.000","76","VALLE DEL CAUCA","76364","JAMUNDI","RURAL","FEMENINO","1"
"2013-10-07T00:00:00.000","76","VALLE DEL CAUCA","76364","JAMUNDI","URBANA","FEMENINO","1"
"2013-10-22T00:00:00.000","76","VALLE DEL CAUCA","76364","JAMUNDI","URBANA","FEMENINO","1"
"2013-11-11T00:00:00.000","76","VALLE DEL CAUCA","76364","JAMUNDI","URBANA","MASCULINO","1"
"2013-12-05T00:00:00.000","76","VALLE DEL CAUCA","76364","JAMUNDI","RURAL","FEMENINO","1"
"2014-01-03T00:00:00.000","76","VALLE DEL CAUCA","76364","JAMUNDI","RURAL","MASCULINO","1"
"2014-01-13T00:00:00.000","76","VALLE DEL CAUCA","76364","JAMUNDI","URBANA","FEMENINO","1"
"2014-01-16T00:00:00.000","76","VALLE DEL CAUCA","76364","JAMUNDI","URBANA","FEMENINO","1"
"2014-01-19T00:00:00.000","76","VALLE DEL CAUCA","76364","JAMUNDI","RURAL","FEMENINO","1"
"2014-01-22T00:00:00.000","76","VALLE DEL CAUCA","76364","JAMUNDI","URBANA","FEMENINO","1"
"2014-01-31T00:00:00.000","76","VALLE DEL CAUCA","76364","JAMUNDI","URBANA","MASCULINO","1"
"2014-02-14T00:00:00.000","76","VALLE DEL CAUCA","76364","JAMUNDI","RURAL","FEMENINO","1"
"2014-02-17T00:00:00.000","76","VALLE DEL CAUCA","76364","JAMUNDI","URBANA","FEMENINO","1"
"2014-02-19T00:00:00.000","76","VALLE DEL CAUCA","76364","JAMUNDI","URBANA","FEMENINO","1"
"2014-02-25T00:00:00.000","76","VALLE DEL CAUCA","76364","JAMUNDI","URBANA","FEMENINO","1"
"2014-03-09T00:00:00.000","76","VALLE DEL CAUCA","76364","JAMUNDI","RURAL","FEMENINO","1"
"2014-03-13T00:00:00.000","76","VALLE DEL CAUCA","76364","JAMUNDI","URBANA","FEMENINO","1"
"2014-03-14T00:00:00.000","76","VALLE DEL CAUCA","76364","JAMUNDI","URBANA","MASCULINO","1"
"2014-03-15T00:00:00.000","76","VALLE DEL CAUCA","76364","JAMUNDI","URBANA","FEMENINO","1"
"2014-03-15T00:00:00.000","76","VALLE DEL CAUCA","76364","JAMUNDI","URBANA","FEMENINO","1"
"2014-03-15T00:00:00.000","76","VALLE DEL CAUCA","76364","JAMUNDI","URBANA","FEMENINO","1"
"2014-03-25T00:00:00.000","76","VALLE DEL CAUCA","76364","JAMUNDI","URBANA","FEMENINO","1"
"2014-04-04T00:00:00.000","76","VALLE DEL CAUCA","76364","JAMUNDI","RURAL","FEMENINO","1"
"2014-04-10T00:00:00.000","76","VALLE DEL CAUCA","76364","JAMUNDI","URBANA","NO REPORTA","1"
"2014-04-11T00:00:00.000","76","VALLE DEL CAUCA","76364","JAMUNDI","RURAL","FEMENINO","1"
"2014-05-21T00:00:00.000","76","VALLE DEL CAUCA","76364","JAMUNDI","URBANA","NO REPORTA","1"
"2014-05-29T00:00:00.000","76","VALLE DEL CAUCA","76364","JAMUNDI","URBANA","FEMENINO","1"
"2014-06-07T00:00:00.000","76","VALLE DEL CAUCA","76364","JAMUNDI","URBANA","FEMENINO","1"
"2014-06-07T00:00:00.000","76","VALLE DEL CAUCA","76364","JAMUNDI","RURAL","FEMENINO","1"
"2014-06-10T00:00:00.000","76","VALLE DEL CAUCA","76364","JAMUNDI","RURAL","FEMENINO","1"
"2014-06-17T00:00:00.000","76","VALLE DEL CAUCA","76364","JAMUNDI","RURAL","FEMENINO","1"
"2014-06-22T00:00:00.000","76","VALLE DEL CAUCA","76364","JAMUNDI","RURAL","FEMENINO","1"
"2014-07-09T00:00:00.000","76","VALLE DEL CAUCA","76364","JAMUNDI","RURAL","FEMENINO","1"
"2014-07-11T00:00:00.000","76","VALLE DEL CAUCA","76364","JAMUNDI","URBANA","MASCULINO","1"
"2014-07-23T00:00:00.000","76","VALLE DEL CAUCA","76364","JAMUNDI","URBANA","FEMENINO","1"
"2014-07-25T00:00:00.000","76","VALLE DEL CAUCA","76364","JAMUNDI","RURAL","FEMENINO","1"
"2014-07-28T00:00:00.000","76","VALLE DEL CAUCA","76364","JAMUNDI","URBANA","FEMENINO","1"
"2014-08-08T00:00:00.000","76","VALLE DEL CAUCA","76364","JAMUNDI","RURAL","FEMENINO","1"
"2014-08-15T00:00:00.000","76","VALLE DEL CAUCA","76364","JAMUNDI","RURAL","FEMENINO","1"
"2014-08-15T00:00:00.000","76","VALLE DEL CAUCA","76364","JAMUNDI","URBANA","FEMENINO","1"
"2014-08-24T00:00:00.000","76","VALLE DEL CAUCA","76364","JAMUNDI","URBANA","FEMENINO","1"
"2014-08-28T00:00:00.000","76","VALLE DEL CAUCA","76364","JAMUNDI","URBANA","FEMENINO","1"
"2014-09-01T00:00:00.000","76","VALLE DEL CAUCA","76364","JAMUNDI","RURAL","MASCULINO","1"
"2014-09-16T00:00:00.000","76","VALLE DEL CAUCA","76364","JAMUNDI","URBANA","FEMENINO","1"
"2014-09-22T00:00:00.000","76","VALLE DEL CAUCA","76364","JAMUNDI","RURAL","MASCULINO","1"
"2014-11-26T00:00:00.000","76","VALLE DEL CAUCA","76364","JAMUNDI","URBANA","FEMENINO","1"
"2014-12-08T00:00:00.000","76","VALLE DEL CAUCA","76364","JAMUNDI","RURAL","FEMENINO","1"
"2014-12-08T00:00:00.000","76","VALLE DEL CAUCA","76364","JAMUNDI","URBANA","FEMENINO","1"
"2014-12-14T00:00:00.000","76","VALLE DEL CAUCA","76364","JAMUNDI","URBANA","MASCULINO","1"
"2014-12-17T00:00:00.000","76","VALLE DEL CAUCA","76364","JAMUNDI","URBANA","FEMENINO","1"
"2014-12-21T00:00:00.000","76","VALLE DEL CAUCA","76364","JAMUNDI","URBANA","FEMENINO","1"
"2015-01-08T00:00:00.000","76","VALLE DEL CAUCA","76364","JAMUNDI","URBANA","FEMENINO","1"
"2015-01-08T00:00:00.000","76","VALLE DEL CAUCA","76364","JAMUNDI","URBANA","FEMENINO","1"
"2015-01-24T00:00:00.000","76","VALLE DEL CAUCA","76364","JAMUNDI","RURAL","FEMENINO","1"
"2015-02-01T00:00:00.000","76","VALLE DEL CAUCA","76364","JAMUNDI","RURAL","FEMENINO","1"
"2015-02-19T00:00:00.000","76","VALLE DEL CAUCA","76364","JAMUNDI","RURAL","FEMENINO","1"
"2015-02-19T00:00:00.000","76","VALLE DEL CAUCA","76364","JAMUNDI","URBANA","FEMENINO","1"
"2015-02-25T00:00:00.000","76","VALLE DEL CAUCA","76364","JAMUNDI","RURAL","FEMENINO","1"
"2015-03-02T00:00:00.000","76","VALLE DEL CAUCA","76364","JAMUNDI","URBANA","FEMENINO","1"
"2015-03-06T00:00:00.000","76","VALLE DEL CAUCA","76364","JAMUNDI","URBANA","FEMENINO","1"
"2015-03-08T00:00:00.000","76","VALLE DEL CAUCA","76364","JAMUNDI","URBANA","FEMENINO","1"
"2015-03-17T00:00:00.000","76","VALLE DEL CAUCA","76364","JAMUNDI","URBANA","FEMENINO","1"
"2015-03-20T00:00:00.000","76","VALLE DEL CAUCA","76364","JAMUNDI","URBANA","FEMENINO","1"
"2015-03-25T00:00:00.000","76","VALLE DEL CAUCA","76364","JAMUNDI","RURAL","MASCULINO","1"
"2015-03-27T00:00:00.000","76","VALLE DEL CAUCA","76364","JAMUNDI","URBANA","FEMENINO","1"
"2015-03-31T00:00:00.000","76","VALLE DEL CAUCA","76364","JAMUNDI","RURAL","FEMENINO","1"
"2015-04-06T00:00:00.000","76","VALLE DEL CAUCA","76364","JAMUNDI","URBANA","FEMENINO","1"
"2015-04-11T00:00:00.000","76","VALLE DEL CAUCA","76364","JAMUNDI","URBANA","FEMENINO","1"
"2015-04-14T00:00:00.000","76","VALLE DEL CAUCA","76364","JAMUNDI","RURAL","FEMENINO","1"
"2015-04-15T00:00:00.000","76","VALLE DEL CAUCA","76364","JAMUNDI","URBANA","FEMENINO","1"
"2015-04-29T00:00:00.000","76","VALLE DEL CAUCA","76364","JAMUNDI","URBANA","FEMENINO","1"
"2015-05-04T00:00:00.000","76","VALLE DEL CAUCA","76364","JAMUNDI","URBANA","FEMENINO","1"
"2015-05-05T00:00:00.000","76","VALLE DEL CAUCA","76364","JAMUNDI","URBANA","FEMENINO","1"
"2015-05-05T00:00:00.000","76","VALLE DEL CAUCA","76364","JAMUNDI","RURAL","FEMENINO","1"
"2015-06-01T00:00:00.000","76","VALLE DEL CAUCA","76364","JAMUNDI","URBANA","FEMENINO","1"
"2015-06-03T00:00:00.000","76","VALLE DEL CAUCA","76364","JAMUNDI","URBANA","FEMENINO","1"
"2015-06-10T00:00:00.000","76","VALLE DEL CAUCA","76364","JAMUNDI","URBANA","FEMENINO","1"
"2015-06-15T00:00:00.000","76","VALLE DEL CAUCA","76364","JAMUNDI","URBANA","FEMENINO","1"
"2015-06-16T00:00:00.000","76","VALLE DEL CAUCA","76364","JAMUNDI","URBANA","MASCULINO","1"
"2015-06-20T00:00:00.000","76","VALLE DEL CAUCA","76364","JAMUNDI","URBANA","FEMENINO","1"
"2015-06-20T00:00:00.000","76","VALLE DEL CAUCA","76364","JAMUNDI","URBANA","MASCULINO","1"
"2015-06-21T00:00:00.000","76","VALLE DEL CAUCA","76364","JAMUNDI","URBANA","FEMENINO","1"
"2015-06-25T00:00:00.000","76","VALLE DEL CAUCA","76364","JAMUNDI","URBANA","FEMENINO","1"
"2015-06-28T00:00:00.000","76","VALLE DEL CAUCA","76364","JAMUNDI","URBANA","FEMENINO","1"
"2015-07-02T00:00:00.000","76","VALLE DEL CAUCA","76364","JAMUNDI","URBANA","FEMENINO","1"
"2015-07-10T00:00:00.000","76","VALLE DEL CAUCA","76364","JAMUNDI","RURAL","MASCULINO","1"
"2015-07-18T00:00:00.000","76","VALLE DEL CAUCA","76364","JAMUNDI","URBANA","MASCULINO","1"
"2015-07-24T00:00:00.000","76","VALLE DEL CAUCA","76364","JAMUNDI","URBANA","FEMENINO","1"
"2015-07-25T00:00:00.000","76","VALLE DEL CAUCA","76364","JAMUNDI","RURAL","FEMENINO","1"
"2015-07-28T00:00:00.000","76","VALLE DEL CAUCA","76364","JAMUNDI","URBANA","FEMENINO","1"
"2015-08-01T00:00:00.000","76","VALLE DEL CAUCA","76364","JAMUNDI","RURAL","FEMENINO","1"
"2015-08-14T00:00:00.000","76","VALLE DEL CAUCA","76364","JAMUNDI","URBANA","FEMENINO","1"
"2015-08-22T00:00:00.000","76","VALLE DEL CAUCA","76364","JAMUNDI","URBANA","FEMENINO","1"
"2015-08-29T00:00:00.000","76","VALLE DEL CAUCA","76364","JAMUNDI","URBANA","FEMENINO","1"
"2015-08-30T00:00:00.000","76","VALLE DEL CAUCA","76364","JAMUNDI","URBANA","FEMENINO","1"
"2015-09-27T00:00:00.000","76","VALLE DEL CAUCA","76364","JAMUNDI","URBANA","FEMENINO","1"
"2015-09-30T00:00:00.000","76","VALLE DEL CAUCA","76364","JAMUNDI","URBANA","FEMENINO","1"
"2015-10-31T00:00:00.000","76","VALLE DEL CAUCA","76364","JAMUNDI","URBANA","FEMENINO","1"
"2015-10-31T00:00:00.000","76","VALLE DEL CAUCA","76364","JAMUNDI","URBANA","FEMENINO","1"
"2015-11-09T00:00:00.000","76","VALLE DEL CAUCA","76364","JAMUNDI","URBANA","FEMENINO","1"
"2015-11-21T00:00:00.000","76","VALLE DEL CAUCA","76364","JAMUNDI","URBANA","FEMENINO","1"
"2015-11-26T00:00:00.000","76","VALLE DEL CAUCA","76364","JAMUNDI","URBANA","FEMENINO","1"
"2015-11-28T00:00:00.000","76","VALLE DEL CAUCA","76364","JAMUNDI","URBANA","MASCULINO","1"
"2015-11-29T00:00:00.000","76","VALLE DEL CAUCA","76364","JAMUNDI","URBANA","FEMENINO","1"
"2015-12-02T00:00:00.000","76","VALLE DEL CAUCA","76364","JAMUNDI","URBANA","FEMENINO","1"
"2015-12-05T00:00:00.000","76","VALLE DEL CAUCA","76364","JAMUNDI","URBANA","FEMENINO","1"
"2015-12-06T00:00:00.000","76","VALLE DEL CAUCA","76364","JAMUNDI","URBANA","MASCULINO","1"
"2015-12-13T00:00:00.000","76","VALLE DEL CAUCA","76364","JAMUNDI","RURAL","FEMENINO","1"
"2015-12-16T00:00:00.000","76","VALLE DEL CAUCA","76364","JAMUNDI","URBANA","FEMENINO","1"
"2015-12-31T00:00:00.000","76","VALLE DEL CAUCA","76364","JAMUNDI","URBANA","FEMENINO","1"
"2016-01-01T00:00:00.000","76","VALLE DEL CAUCA","76364","JAMUNDI","RURAL","FEMENINO","1"
"2016-01-13T00:00:00.000","76","VALLE DEL CAUCA","76364","JAMUNDI","RURAL","FEMENINO","1"
"2016-01-16T00:00:00.000","76","VALLE DEL CAUCA","76364","JAMUNDI","URBANA","FEMENINO","1"
"2016-01-17T00:00:00.000","76","VALLE DEL CAUCA","76364","JAMUNDI","URBANA","FEMENINO","1"
"2016-01-19T00:00:00.000","76","VALLE DEL CAUCA","76364","JAMUNDI","URBANA","FEMENINO","1"
"2016-01-22T00:00:00.000","76","VALLE DEL CAUCA","76364","JAMUNDI","URBANA","FEMENINO","1"
"2016-01-25T00:00:00.000","76","VALLE DEL CAUCA","76364","JAMUNDI","RURAL","FEMENINO","1"
"2016-02-01T00:00:00.000","76","VALLE DEL CAUCA","76364","JAMUNDI","URBANA","FEMENINO","1"
"2016-02-14T00:00:00.000","76","VALLE DEL CAUCA","76364","JAMUNDI","RURAL","FEMENINO","1"
"2016-02-22T00:00:00.000","76","VALLE DEL CAUCA","76364","JAMUNDI","RURAL","FEMENINO","1"
"2016-02-26T00:00:00.000","76","VALLE DEL CAUCA","76364","JAMUNDI","URBANA","FEMENINO","1"
"2016-02-29T00:00:00.000","76","VALLE DEL CAUCA","76364","JAMUNDI","URBANA","FEMENINO","1"
"2016-03-16T00:00:00.000","76","VALLE DEL CAUCA","76364","JAMUNDI","URBANA","FEMENINO","1"
"2016-03-21T00:00:00.000","76","VALLE DEL CAUCA","76364","JAMUNDI","RURAL","FEMENINO","1"
"2016-04-01T00:00:00.000","76","VALLE DEL CAUCA","76364","JAMUNDI","URBANA","FEMENINO","1"
"2016-04-04T00:00:00.000","76","VALLE DEL CAUCA","76364","JAMUNDI","URBANA","FEMENINO","1"
"2016-04-04T00:00:00.000","76","VALLE DEL CAUCA","76364","JAMUNDI","RURAL","FEMENINO","1"
"2016-04-13T00:00:00.000","76","VALLE DEL CAUCA","76364","JAMUNDI","URBANA","FEMENINO","1"
"2016-04-14T00:00:00.000","76","VALLE DEL CAUCA","76364","JAMUNDI","URBANA","FEMENINO","1"
"2016-04-17T00:00:00.000","76","VALLE DEL CAUCA","76364","JAMUNDI","URBANA","FEMENINO","1"
"2016-04-19T00:00:00.000","76","VALLE DEL CAUCA","76364","JAMUNDI","URBANA","FEMENINO","1"
"2016-04-23T00:00:00.000","76","VALLE DEL CAUCA","76364","JAMUNDI","RURAL","FEMENINO","1"
"2016-05-06T00:00:00.000","76","VALLE DEL CAUCA","76364","JAMUNDI","URBANA","FEMENINO","1"
"2016-05-09T00:00:00.000","76","VALLE DEL CAUCA","76364","JAMUNDI","URBANA","FEMENINO","1"
"2016-05-14T00:00:00.000","76","VALLE DEL CAUCA","76364","JAMUNDI","RURAL","FEMENINO","1"
"2016-05-15T00:00:00.000","76","VALLE DEL CAUCA","76364","JAMUNDI","URBANA","FEMENINO","1"
"2016-05-16T00:00:00.000","76","VALLE DEL CAUCA","76364","JAMUNDI","URBANA","FEMENINO","1"
"2016-05-16T00:00:00.000","76","VALLE DEL CAUCA","76364","JAMUNDI","URBANA","FEMENINO","1"
"2016-05-17T00:00:00.000","76","VALLE DEL CAUCA","76364","JAMUNDI","URBANA","FEMENINO","1"
"2016-05-18T00:00:00.000","76","VALLE DEL CAUCA","76364","JAMUNDI","URBANA","FEMENINO","1"
"2016-05-24T00:00:00.000","76","VALLE DEL CAUCA","76364","JAMUNDI","URBANA","FEMENINO","1"
"2016-05-26T00:00:00.000","76","VALLE DEL CAUCA","76364","JAMUNDI","URBANA","FEMENINO","1"
"2016-05-27T00:00:00.000","76","VALLE DEL CAUCA","76364","JAMUNDI","URBANA","FEMENINO","1"
"2016-05-31T00:00:00.000","76","VALLE DEL CAUCA","76364","JAMUNDI","RURAL","FEMENINO","1"
"2016-06-02T00:00:00.000","76","VALLE DEL CAUCA","76364","JAMUNDI","URBANA","FEMENINO","1"
"2016-06-22T00:00:00.000","76","VALLE DEL CAUCA","76364","JAMUNDI","URBANA","FEMENINO","1"
"2016-06-23T00:00:00.000","76","VALLE DEL CAUCA","76364","JAMUNDI","RURAL","FEMENINO","1"
"2016-06-25T00:00:00.000","76","VALLE DEL CAUCA","76364","JAMUNDI","URBANA","FEMENINO","1"
"2016-07-04T00:00:00.000","76","VALLE DEL CAUCA","76364","JAMUNDI","URBANA","FEMENINO","1"
"2016-07-10T00:00:00.000","76","VALLE DEL CAUCA","76364","JAMUNDI","URBANA","MASCULINO","1"
"2016-07-22T00:00:00.000","76","VALLE DEL CAUCA","76364","JAMUNDI","RURAL","FEMENINO","1"
"2016-07-28T00:00:00.000","76","VALLE DEL CAUCA","76364","JAMUNDI","URBANA","FEMENINO","1"
"2016-08-01T00:00:00.000","76","VALLE DEL CAUCA","76364","JAMUNDI","URBANA","FEMENINO","1"
"2016-08-02T00:00:00.000","76","VALLE DEL CAUCA","76364","JAMUNDI","URBANA","FEMENINO","1"
"2016-08-02T00:00:00.000","76","VALLE DEL CAUCA","76364","JAMUNDI","URBANA","MASCULINO","1"
"2016-08-02T00:00:00.000","76","VALLE DEL CAUCA","76364","JAMUNDI","URBANA","FEMENINO","1"
"2016-08-07T00:00:00.000","76","VALLE DEL CAUCA","76364","JAMUNDI","RURAL","FEMENINO","1"
"2016-08-09T00:00:00.000","76","VALLE DEL CAUCA","76364","JAMUNDI","URBANA","FEMENINO","1"
"2016-08-12T00:00:00.000","76","VALLE DEL CAUCA","76364","JAMUNDI","RURAL","FEMENINO","1"
"2016-08-12T00:00:00.000","76","VALLE DEL CAUCA","76364","JAMUNDI","RURAL","FEMENINO","1"
"2016-08-14T00:00:00.000","76","VALLE DEL CAUCA","76364","JAMUNDI","RURAL","FEMENINO","1"
"2016-08-15T00:00:00.000","76","VALLE DEL CAUCA","76364","JAMUNDI","URBANA","FEMENINO","1"
"2016-08-15T00:00:00.000","76","VALLE DEL CAUCA","76364","JAMUNDI","URBANA","FEMENINO","1"
"2016-08-28T00:00:00.000","76","VALLE DEL CAUCA","76364","JAMUNDI","URBANA","FEMENINO","1"
"2016-09-04T00:00:00.000","76","VALLE DEL CAUCA","76364","JAMUNDI","URBANA","FEMENINO","1"
"2016-09-12T00:00:00.000","76","VALLE DEL CAUCA","76364","JAMUNDI","RURAL","FEMENINO","1"
"2016-09-15T00:00:00.000","76","VALLE DEL CAUCA","76364","JAMUNDI","URBANA","FEMENINO","1"
"2016-09-16T00:00:00.000","76","VALLE DEL CAUCA","76364","JAMUNDI","URBANA","FEMENINO","1"
"2016-09-16T00:00:00.000","76","VALLE DEL CAUCA","76364","JAMUNDI","URBANA","FEMENINO","1"
"2016-09-19T00:00:00.000","76","VALLE DEL CAUCA","76364","JAMUNDI","URBANA","FEMENINO","1"
"2016-09-25T00:00:00.000","76","VALLE DEL CAUCA","76364","JAMUNDI","RURAL","FEMENINO","1"
"2016-09-29T00:00:00.000","76","VALLE DEL CAUCA","76364","JAMUNDI","URBANA","FEMENINO","1"
"2016-10-08T00:00:00.000","76","VALLE DEL CAUCA","76364","JAMUNDI","RURAL","FEMENINO","1"
"2016-10-11T00:00:00.000","76","VALLE DEL CAUCA","76364","JAMUNDI","URBANA","FEMENINO","1"
"2016-10-12T00:00:00.000","76","VALLE DEL CAUCA","76364","JAMUNDI","URBANA","FEMENINO","1"
"2016-10-18T00:00:00.000","76","VALLE DEL CAUCA","76364","JAMUNDI","URBANA","FEMENINO","1"
"2016-10-19T00:00:00.000","76","VALLE DEL CAUCA","76364","JAMUNDI","RURAL","FEMENINO","1"
"2016-10-23T00:00:00.000","76","VALLE DEL CAUCA","76364","JAMUNDI","URBANA","FEMENINO","1"
"2016-11-03T00:00:00.000","76","VALLE DEL CAUCA","76364","JAMUNDI","URBANA","MASCULINO","1"
"2016-11-05T00:00:00.000","76","VALLE DEL CAUCA","76364","JAMUNDI","RURAL","FEMENINO","1"
"2016-11-10T00:00:00.000","76","VALLE DEL CAUCA","76364","JAMUNDI","URBANA","FEMENINO","1"
"2016-11-10T00:00:00.000","76","VALLE DEL CAUCA","76364","JAMUNDI","RURAL","FEMENINO","1"
"2016-11-11T00:00:00.000","76","VALLE DEL CAUCA","76364","JAMUNDI","URBANA","FEMENINO","1"
"2016-11-15T00:00:00.000","76","VALLE DEL CAUCA","76364","JAMUNDI","URBANA","FEMENINO","1"
"2016-11-16T00:00:00.000","76","VALLE DEL CAUCA","76364","JAMUNDI","URBANA","MASCULINO","1"
"2016-11-20T00:00:00.000","76","VALLE DEL CAUCA","76364","JAMUNDI","RURAL","FEMENINO","1"
"2016-11-26T00:00:00.000","76","VALLE DEL CAUCA","76364","JAMUNDI","URBANA","FEMENINO","1"
"2016-11-28T00:00:00.000","76","VALLE DEL CAUCA","76364","JAMUNDI","URBANA","FEMENINO","1"
"2016-12-10T00:00:00.000","76","VALLE DEL CAUCA","76364","JAMUNDI","URBANA","MASCULINO","1"
"2016-12-14T00:00:00.000","76","VALLE DEL CAUCA","76364","JAMUNDI","URBANA","MASCULINO","1"
"2016-12-20T00:00:00.000","76","VALLE DEL CAUCA","76364","JAMUNDI","URBANA","FEMENINO","1"
"2016-12-20T00:00:00.000","76","VALLE DEL CAUCA","76364","JAMUNDI","URBANA","FEMENINO","1"
"2016-12-31T00:00:00.000","76","VALLE DEL CAUCA","76364","JAMUNDI","URBANA","FEMENINO","1"
"2017-01-04T00:00:00.000","76","VALLE DEL CAUCA","76364","JAMUNDI","URBANA","FEMENINO","1"
"2017-01-05T00:00:00.000","76","VALLE DEL CAUCA","76364","JAMUNDI","URBANA","FEMENINO","1"
"2017-01-07T00:00:00.000","76","VALLE DEL CAUCA","76364","JAMUNDI","URBANA","FEMENINO","1"
"2017-01-11T00:00:00.000","76","VALLE DEL CAUCA","76364","JAMUNDI","URBANA","FEMENINO","1"
"2017-01-18T00:00:00.000","76","VALLE DEL CAUCA","76364","JAMUNDI","URBANA","FEMENINO","1"
"2017-01-23T00:00:00.000","76","VALLE DEL CAUCA","76364","JAMUNDI","RURAL","FEMENINO","1"
"2017-01-25T00:00:00.000","76","VALLE DEL CAUCA","76364","JAMUNDI","URBANA","FEMENINO","1"
"2017-01-25T00:00:00.000","76","VALLE DEL CAUCA","76364","JAMUNDI","URBANA","MASCULINO","1"
"2017-02-14T00:00:00.000","76","VALLE DEL CAUCA","76364","JAMUNDI","RURAL","FEMENINO","1"
"2017-02-17T00:00:00.000","76","VALLE DEL CAUCA","76364","JAMUNDI","RURAL","FEMENINO","1"
"2017-02-18T00:00:00.000","76","VALLE DEL CAUCA","76364","JAMUNDI","URBANA","FEMENINO","1"
"2017-02-23T00:00:00.000","76","VALLE DEL CAUCA","76364","JAMUNDI","URBANA","FEMENINO","1"
"2017-02-26T00:00:00.000","76","VALLE DEL CAUCA","76364","JAMUNDI","URBANA","FEMENINO","1"
"2017-02-27T00:00:00.000","76","VALLE DEL CAUCA","76364","JAMUNDI","URBANA","MASCULINO","1"
"2017-03-01T00:00:00.000","76","VALLE DEL CAUCA","76364","JAMUNDI","URBANA","MASCULINO","1"
"2017-03-01T00:00:00.000","76","VALLE DEL CAUCA","76364","JAMUNDI","URBANA","MASCULINO","1"
"2017-03-07T00:00:00.000","76","VALLE DEL CAUCA","76364","JAMUNDI","URBANA","FEMENINO","1"
"2017-03-09T00:00:00.000","76","VALLE DEL CAUCA","76364","JAMUNDI","RURAL","FEMENINO","1"
"2017-03-15T00:00:00.000","76","VALLE DEL CAUCA","76364","JAMUNDI","URBANA","FEMENINO","1"
"2017-03-17T00:00:00.000","76","VALLE DEL CAUCA","76364","JAMUNDI","URBANA","FEMENINO","1"
"2017-03-18T00:00:00.000","76","VALLE DEL CAUCA","76364","JAMUNDI","RURAL","FEMENINO","1"
"2017-03-23T00:00:00.000","76","VALLE DEL CAUCA","76364","JAMUNDI","URBANA","FEMENINO","1"
"2017-03-30T00:00:00.000","76","VALLE DEL CAUCA","76364","JAMUNDI","RURAL","FEMENINO","1"
"2017-03-31T00:00:00.000","76","VALLE DEL CAUCA","76364","JAMUNDI","RURAL","FEMENINO","1"
"2017-04-01T00:00:00.000","76","VALLE DEL CAUCA","76364","JAMUNDI","URBANA","FEMENINO","1"
"2017-04-05T00:00:00.000","76","VALLE DEL CAUCA","76364","JAMUNDI","RURAL","MASCULINO","1"
"2017-04-08T00:00:00.000","76","VALLE DEL CAUCA","76364","JAMUNDI","RURAL","FEMENINO","1"
"2017-04-14T00:00:00.000","76","VALLE DEL CAUCA","76364","JAMUNDI","URBANA","FEMENINO","1"
"2017-04-20T00:00:00.000","76","VALLE DEL CAUCA","76364","JAMUNDI","URBANA","MASCULINO","1"
"2017-05-01T00:00:00.000","76","VALLE DEL CAUCA","76364","JAMUNDI","RURAL","FEMENINO","1"
"2017-05-03T00:00:00.000","76","VALLE DEL CAUCA","76364","JAMUNDI","URBANA","FEMENINO","1"
"2017-05-08T00:00:00.000","76","VALLE DEL CAUCA","76364","JAMUNDI","URBANA","FEMENINO","1"
"2017-05-12T00:00:00.000","76","VALLE DEL CAUCA","76364","JAMUNDI","RURAL","FEMENINO","1"
"2017-05-12T00:00:00.000","76","VALLE DEL CAUCA","76364","JAMUNDI","URBANA","FEMENINO","1"
"2017-05-15T00:00:00.000","76","VALLE DEL CAUCA","76364","JAMUNDI","URBANA","FEMENINO","1"
"2017-05-15T00:00:00.000","76","VALLE DEL CAUCA","76364","JAMUNDI","URBANA","FEMENINO","1"
"2017-05-16T00:00:00.000","76","VALLE DEL CAUCA","76364","JAMUNDI","URBANA","FEMENINO","1"
"2017-05-19T00:00:00.000","76","VALLE DEL CAUCA","76364","JAMUNDI","URBANA","FEMENINO","1"
"2017-05-20T00:00:00.000","76","VALLE DEL CAUCA","76364","JAMUNDI","URBANA","MASCULINO","1"
"2017-05-26T00:00:00.000","76","VALLE DEL CAUCA","76364","JAMUNDI","URBANA","MASCULINO","1"
"2017-05-28T00:00:00.000","76","VALLE DEL CAUCA","76364","JAMUNDI","RURAL","FEMENINO","1"
"2017-05-29T00:00:00.000","76","VALLE DEL CAUCA","76364","JAMUNDI","URBANA","MASCULINO","1"
"2017-06-05T00:00:00.000","76","VALLE DEL CAUCA","76364","JAMUNDI","URBANA","FEMENINO","1"
"2017-06-11T00:00:00.000","76","VALLE DEL CAUCA","76364","JAMUNDI","URBANA","FEMENINO","1"
"2017-06-17T00:00:00.000","76","VALLE DEL CAUCA","76364","JAMUNDI","URBANA","MASCULINO","1"
"2017-06-21T00:00:00.000","76","VALLE DEL CAUCA","76364","JAMUNDI","URBANA","FEMENINO","1"
"2017-06-22T00:00:00.000","76","VALLE DEL CAUCA","76364","JAMUNDI","URBANA","MASCULINO","1"
"2017-06-22T00:00:00.000","76","VALLE DEL CAUCA","76364","JAMUNDI","URBANA","MASCULINO","1"
"2017-07-04T00:00:00.000","76","VALLE DEL CAUCA","76364","JAMUNDI","URBANA","FEMENINO","1"
"2017-07-04T00:00:00.000","76","VALLE DEL CAUCA","76364","JAMUNDI","URBANA","MASCULINO","1"
"2017-07-05T00:00:00.000","76","VALLE DEL CAUCA","76364","JAMUNDI","URBANA","FEMENINO","1"
"2017-07-10T00:00:00.000","76","VALLE DEL CAUCA","76364","JAMUNDI","URBANA","MASCULINO","1"
"2017-07-11T00:00:00.000","76","VALLE DEL CAUCA","76364","JAMUNDI","RURAL","FEMENINO","1"
"2017-07-14T00:00:00.000","76","VALLE DEL CAUCA","76364","JAMUNDI","URBANA","FEMENINO","1"
"2017-07-20T00:00:00.000","76","VALLE DEL CAUCA","76364","JAMUNDI","URBANA","MASCULINO","1"
"2017-07-21T00:00:00.000","76","VALLE DEL CAUCA","76364","JAMUNDI","URBANA","MASCULINO","1"
"2017-07-24T00:00:00.000","76","VALLE DEL CAUCA","76364","JAMUNDI","URBANA","FEMENINO","1"
"2017-08-09T00:00:00.000","76","VALLE DEL CAUCA","76364","JAMUNDI","RURAL","FEMENINO","1"
"2017-08-09T00:00:00.000","76","VALLE DEL CAUCA","76364","JAMUNDI","URBANA","FEMENINO","1"
"2017-08-09T00:00:00.000","76","VALLE DEL CAUCA","76364","JAMUNDI","URBANA","FEMENINO","1"
"2017-08-12T00:00:00.000","76","VALLE DEL CAUCA","76364","JAMUNDI","URBANA","FEMENINO","1"
"2017-08-12T00:00:00.000","76","VALLE DEL CAUCA","76364","JAMUNDI","URBANA","FEMENINO","1"
"2017-08-16T00:00:00.000","76","VALLE DEL CAUCA","76364","JAMUNDI","URBANA","MASCULINO","1"
"2017-08-18T00:00:00.000","76","VALLE DEL CAUCA","76364","JAMUNDI","RURAL","FEMENINO","1"
"2017-08-22T00:00:00.000","76","VALLE DEL CAUCA","76364","JAMUNDI","URBANA","MASCULINO","1"
"2017-08-22T00:00:00.000","76","VALLE DEL CAUCA","76364","JAMUNDI","URBANA","FEMENINO","1"
"2017-08-23T00:00:00.000","76","VALLE DEL CAUCA","76364","JAMUNDI","URBANA","FEMENINO","1"
"2017-08-26T00:00:00.000","76","VALLE DEL CAUCA","76364","JAMUNDI","URBANA","MASCULINO","1"
"2017-08-26T00:00:00.000","76","VALLE DEL CAUCA","76364","JAMUNDI","URBANA","MASCULINO","1"
"2017-08-27T00:00:00.000","76","VALLE DEL CAUCA","76364","JAMUNDI","RURAL","MASCULINO","1"
"2017-08-28T00:00:00.000","76","VALLE DEL CAUCA","76364","JAMUNDI","URBANA","FEMENINO","1"
"2017-08-29T00:00:00.000","76","VALLE DEL CAUCA","76364","JAMUNDI","URBANA","FEMENINO","1"
"2017-09-05T00:00:00.000","76","VALLE DEL CAUCA","76364","JAMUNDI","URBANA","MASCULINO","1"
"2017-09-13T00:00:00.000","76","VALLE DEL CAUCA","76364","JAMUNDI","URBANA","FEMENINO","1"
"2017-09-16T00:00:00.000","76","VALLE DEL CAUCA","76364","JAMUNDI","URBANA","FEMENINO","1"
"2017-09-17T00:00:00.000","76","VALLE DEL CAUCA","76364","JAMUNDI","URBANA","FEMENINO","1"
"2017-09-22T00:00:00.000","76","VALLE DEL CAUCA","76364","JAMUNDI","URBANA","FEMENINO","1"
"2017-09-23T00:00:00.000","76","VALLE DEL CAUCA","76364","JAMUNDI","URBANA","FEMENINO","1"
"2017-09-23T00:00:00.000","76","VALLE DEL CAUCA","76364","JAMUNDI","URBANA","FEMENINO","1"
"2017-10-01T00:00:00.000","76","VALLE DEL CAUCA","76364","JAMUNDI","URBANA","FEMENINO","1"
"2017-10-02T00:00:00.000","76","VALLE DEL CAUCA","76364","JAMUNDI","URBANA","FEMENINO","1"
"2017-10-15T00:00:00.000","76","VALLE DEL CAUCA","76364","JAMUNDI","URBANA","FEMENINO","1"
"2017-10-20T00:00:00.000","76","VALLE DEL CAUCA","76364","JAMUNDI","URBANA","MASCULINO","1"
"2017-10-22T00:00:00.000","76","VALLE DEL CAUCA","76364","JAMUNDI","URBANA","FEMENINO","1"
"2017-10-25T00:00:00.000","76","VALLE DEL CAUCA","76364","JAMUNDI","URBANA","FEMENINO","1"
"2017-10-29T00:00:00.000","76","VALLE DEL CAUCA","76364","JAMUNDI","URBANA","FEMENINO","1"
"2017-11-09T00:00:00.000","76","VALLE DEL CAUCA","76364","JAMUNDI","URBANA","FEMENINO","1"
"2017-11-14T00:00:00.000","76","VALLE DEL CAUCA","76364","JAMUNDI","URBANA","FEMENINO","1"
"2017-11-17T00:00:00.000","76","VALLE DEL CAUCA","76364","JAMUNDI","URBANA","FEMENINO","1"
"2017-11-17T00:00:00.000","76","VALLE DEL CAUCA","76364","JAMUNDI","RURAL","FEMENINO","1"
"2017-11-29T00:00:00.000","76","VALLE DEL CAUCA","76364","JAMUNDI","URBANA","FEMENINO","1"
"2017-11-29T00:00:00.000","76","VALLE DEL CAUCA","76364","JAMUNDI","URBANA","MASCULINO","1"
"2017-11-29T00:00:00.000","76","VALLE DEL CAUCA","76364","JAMUNDI","RURAL","MASCULINO","1"
"2017-12-03T00:00:00.000","76","VALLE DEL CAUCA","76364","JAMUNDI","URBANA","FEMENINO","1"
"2017-12-05T00:00:00.000","76","VALLE DEL CAUCA","76364","JAMUNDI","URBANA","MASCULINO","1"
"2017-12-10T00:00:00.000","76","VALLE DEL CAUCA","76364","JAMUNDI","URBANA","FEMENINO","1"
"2017-12-10T00:00:00.000","76","VALLE DEL CAUCA","76364","JAMUNDI","URBANA","FEMENINO","1"
"2017-12-10T00:00:00.000","76","VALLE DEL CAUCA","76364","JAMUNDI","URBANA","FEMENINO","1"
"2017-12-12T00:00:00.000","76","VALLE DEL CAUCA","76364","JAMUNDI","URBANA","FEMENINO","1"
"2017-12-21T00:00:00.000","76","VALLE DEL CAUCA","76364","JAMUNDI","URBANA","MASCULINO","1"
"2017-12-26T00:00:00.000","76","VALLE DEL CAUCA","76364","JAMUNDI","URBANA","MASCULINO","1"
"2017-12-29T00:00:00.000","76","VALLE DEL CAUCA","76364","JAMUNDI","URBANA","FEMENINO","1"
"2017-12-31T00:00:00.000","76","VALLE DEL CAUCA","76364","JAMUNDI","URBANA","FEMENINO","1"
"2018-01-07T00:00:00.000","76","VALLE DEL CAUCA","76364","JAMUNDI","URBANA","FEMENINO","1"
"2018-01-08T00:00:00.000","76","VALLE DEL CAUCA","76364","JAMUNDI","URBANA","FEMENINO","1"
"2018-01-15T00:00:00.000","76","VALLE DEL CAUCA","76364","JAMUNDI","URBANA","FEMENINO","1"
"2018-01-17T00:00:00.000","76","VALLE DEL CAUCA","76364","JAMUNDI","RURAL","MASCULINO","1"
"2018-01-17T00:00:00.000","76","VALLE DEL CAUCA","76364","JAMUNDI","URBANA","FEMENINO","1"
"2018-01-18T00:00:00.000","76","VALLE DEL CAUCA","76364","JAMUNDI","URBANA","FEMENINO","1"
"2018-01-19T00:00:00.000","76","VALLE DEL CAUCA","76364","JAMUNDI","URBANA","FEMENINO","1"
"2018-01-19T00:00:00.000","76","VALLE DEL CAUCA","76364","JAMUNDI","URBANA","MASCULINO","1"
"2018-01-21T00:00:00.000","76","VALLE DEL CAUCA","76364","JAMUNDI","URBANA","FEMENINO","1"
"2018-01-22T00:00:00.000","76","VALLE DEL CAUCA","76364","JAMUNDI","URBANA","FEMENINO","1"
"2018-01-23T00:00:00.000","76","VALLE DEL CAUCA","76364","JAMUNDI","RURAL","FEMENINO","1"
"2018-01-25T00:00:00.000","76","VALLE DEL CAUCA","76364","JAMUNDI","RURAL","MASCULINO","1"
"2018-02-12T00:00:00.000","76","VALLE DEL CAUCA","76364","JAMUNDI","RURAL","FEMENINO","1"
"2018-02-18T00:00:00.000","76","VALLE DEL CAUCA","76364","JAMUNDI","RURAL","MASCULINO","1"
"2018-02-23T00:00:00.000","76","VALLE DEL CAUCA","76364","JAMUNDI","URBANA","FEMENINO","1"
"2018-02-26T00:00:00.000","76","VALLE DEL CAUCA","76364","JAMUNDI","URBANA","MASCULINO","1"
"2018-02-26T00:00:00.000","76","VALLE DEL CAUCA","76364","JAMUNDI","RURAL","FEMENINO","1"
"2018-03-05T00:00:00.000","76","VALLE DEL CAUCA","76364","JAMUNDI","URBANA","FEMENINO","1"
"2018-03-06T00:00:00.000","76","VALLE DEL CAUCA","76364","JAMUNDI","URBANA","FEMENINO","1"
"2018-03-08T00:00:00.000","76","VALLE DEL CAUCA","76364","JAMUNDI","RURAL","FEMENINO","1"
"2018-03-14T00:00:00.000","76","VALLE DEL CAUCA","76364","JAMUNDI","URBANA","FEMENINO","1"
"2018-03-14T00:00:00.000","76","VALLE DEL CAUCA","76364","JAMUNDI","URBANA","FEMENINO","1"
"2018-04-02T00:00:00.000","76","VALLE DEL CAUCA","76364","JAMUNDI","URBANA","FEMENINO","1"
"2018-04-02T00:00:00.000","76","VALLE DEL CAUCA","76364","JAMUNDI","RURAL","MASCULINO","1"
"2018-04-05T00:00:00.000","76","VALLE DEL CAUCA","76364","JAMUNDI","URBANA","FEMENINO","1"
"2018-04-06T00:00:00.000","76","VALLE DEL CAUCA","76364","JAMUNDI","URBANA","FEMENINO","1"
"2018-04-15T00:00:00.000","76","VALLE DEL CAUCA","76364","JAMUNDI","URBANA","FEMENINO","1"
"2018-04-15T00:00:00.000","76","VALLE DEL CAUCA","76364","JAMUNDI","URBANA","FEMENINO","1"
"2018-04-22T00:00:00.000","76","VALLE DEL CAUCA","76364","JAMUNDI","URBANA","MASCULINO","1"
"2018-04-25T00:00:00.000","76","VALLE DEL CAUCA","76364","JAMUNDI","URBANA","FEMENINO","1"
"2018-04-25T00:00:00.000","76","VALLE DEL CAUCA","76364","JAMUNDI","URBANA","FEMENINO","1"
"2018-04-26T00:00:00.000","76","VALLE DEL CAUCA","76364","JAMUNDI","URBANA","FEMENINO","1"
"2018-04-28T00:00:00.000","76","VALLE DEL CAUCA","76364","JAMUNDI","URBANA","FEMENINO","1"
"2018-04-28T00:00:00.000","76","VALLE DEL CAUCA","76364","JAMUNDI","URBANA","FEMENINO","1"
"2018-04-29T00:00:00.000","76","VALLE DEL CAUCA","76364","JAMUNDI","URBANA","FEMENINO","1"
"2018-04-29T00:00:00.000","76","VALLE DEL CAUCA","76364","JAMUNDI","RURAL","FEMENINO","1"
"2018-04-30T00:00:00.000","76","VALLE DEL CAUCA","76364","JAMUNDI","URBANA","FEMENINO","1"
"2018-04-30T00:00:00.000","76","VALLE DEL CAUCA","76364","JAMUNDI","URBANA","FEMENINO","1"
"2018-05-01T00:00:00.000","76","VALLE DEL CAUCA","76364","JAMUNDI","URBANA","FEMENINO","1"
"2018-05-01T00:00:00.000","76","VALLE DEL CAUCA","76364","JAMUNDI","RURAL","FEMENINO","1"
"2018-05-08T00:00:00.000","76","VALLE DEL CAUCA","76364","JAMUNDI","RURAL","FEMENINO","1"
"2018-05-09T00:00:00.000","76","VALLE DEL CAUCA","76364","JAMUNDI","URBANA","FEMENINO","1"
"2018-05-11T00:00:00.000","76","VALLE DEL CAUCA","76364","JAMUNDI","URBANA","FEMENINO","1"
"2018-05-11T00:00:00.000","76","VALLE DEL CAUCA","76364","JAMUNDI","RURAL","FEMENINO","1"
"2018-05-12T00:00:00.000","76","VALLE DEL CAUCA","76364","JAMUNDI","URBANA","FEMENINO","1"
"2018-05-13T00:00:00.000","76","VALLE DEL CAUCA","76364","JAMUNDI","URBANA","MASCULINO","1"
"2018-05-16T00:00:00.000","76","VALLE DEL CAUCA","76364","JAMUNDI","URBANA","FEMENINO","1"
"2018-05-19T00:00:00.000","76","VALLE DEL CAUCA","76364","JAMUNDI","RURAL","MASCULINO","1"
"2018-05-20T00:00:00.000","76","VALLE DEL CAUCA","76364","JAMUNDI","RURAL","FEMENINO","1"
"2018-05-27T00:00:00.000","76","VALLE DEL CAUCA","76364","JAMUNDI","URBANA","FEMENINO","1"
"2018-05-28T00:00:00.000","76","VALLE DEL CAUCA","76364","JAMUNDI","RURAL","MASCULINO","1"
"2018-05-29T00:00:00.000","76","VALLE DEL CAUCA","76364","JAMUNDI","URBANA","FEMENINO","1"
"2018-05-29T00:00:00.000","76","VALLE DEL CAUCA","76364","JAMUNDI","RURAL","FEMENINO","1"
"2018-05-29T00:00:00.000","76","VALLE DEL CAUCA","76364","JAMUNDI","URBANA","FEMENINO","1"
"2018-05-31T00:00:00.000","76","VALLE DEL CAUCA","76364","JAMUNDI","URBANA","FEMENINO","1"
"2018-06-05T00:00:00.000","76","VALLE DEL CAUCA","76364","JAMUNDI","URBANA","FEMENINO","1"
"2018-06-08T00:00:00.000","76","VALLE DEL CAUCA","76364","JAMUNDI","URBANA","MASCULINO","1"
"2018-06-09T00:00:00.000","76","VALLE DEL CAUCA","76364","JAMUNDI","URBANA","MASCULINO","1"
"2018-06-11T00:00:00.000","76","VALLE DEL CAUCA","76364","JAMUNDI","URBANA","FEMENINO","1"
"2018-06-12T00:00:00.000","76","VALLE DEL CAUCA","76364","JAMUNDI","URBANA","FEMENINO","1"
"2018-06-13T00:00:00.000","76","VALLE DEL CAUCA","76364","JAMUNDI","URBANA","FEMENINO","1"
"2018-06-17T00:00:00.000","76","VALLE DEL CAUCA","76364","JAMUNDI","URBANA","FEMENINO","1"
"2018-06-25T00:00:00.000","76","VALLE DEL CAUCA","76364","JAMUNDI","URBANA","FEMENINO","1"
"2018-06-26T00:00:00.000","76","VALLE DEL CAUCA","76364","JAMUNDI","URBANA","FEMENINO","1"
"2018-06-26T00:00:00.000","76","VALLE DEL CAUCA","76364","JAMUNDI","URBANA","FEMENINO","1"
"2018-06-26T00:00:00.000","76","VALLE DEL CAUCA","76364","JAMUNDI","URBANA","FEMENINO","1"
"2018-07-04T00:00:00.000","76","VALLE DEL CAUCA","76364","JAMUNDI","URBANA","FEMENINO","1"
"2018-07-04T00:00:00.000","76","VALLE DEL CAUCA","76364","JAMUNDI","RURAL","FEMENINO","1"
"2018-07-09T00:00:00.000","76","VALLE DEL CAUCA","76364","JAMUNDI","RURAL","FEMENINO","1"
"2018-07-11T00:00:00.000","76","VALLE DEL CAUCA","76364","JAMUNDI","URBANA","FEMENINO","1"
"2018-07-13T00:00:00.000","76","VALLE DEL CAUCA","76364","JAMUNDI","URBANA","FEMENINO","1"
"2018-07-16T00:00:00.000","76","VALLE DEL CAUCA","76364","JAMUNDI","URBANA","FEMENINO","1"
"2018-07-17T00:00:00.000","76","VALLE DEL CAUCA","76364","JAMUNDI","URBANA","FEMENINO","1"
"2018-07-24T00:00:00.000","76","VALLE DEL CAUCA","76364","JAMUNDI","URBANA","FEMENINO","1"
"2018-07-25T00:00:00.000","76","VALLE DEL CAUCA","76364","JAMUNDI","URBANA","FEMENINO","1"
"2018-07-26T00:00:00.000","76","VALLE DEL CAUCA","76364","JAMUNDI","URBANA","FEMENINO","1"
"2018-07-28T00:00:00.000","76","VALLE DEL CAUCA","76364","JAMUNDI","RURAL","FEMENINO","1"
"2018-07-31T00:00:00.000","76","VALLE DEL CAUCA","76364","JAMUNDI","URBANA","FEMENINO","1"
"2018-08-09T00:00:00.000","76","VALLE DEL CAUCA","76364","JAMUNDI","URBANA","MASCULINO","1"
"2018-08-09T00:00:00.000","76","VALLE DEL CAUCA","76364","JAMUNDI","URBANA","FEMENINO","1"
"2018-08-13T00:00:00.000","76","VALLE DEL CAUCA","76364","JAMUNDI","RURAL","FEMENINO","1"
"2018-08-19T00:00:00.000","76","VALLE DEL CAUCA","76364","JAMUNDI","RURAL","FEMENINO","1"
"2018-08-20T00:00:00.000","76","VALLE DEL CAUCA","76364","JAMUNDI","URBANA","FEMENINO","1"
"2018-08-22T00:00:00.000","76","VALLE DEL CAUCA","76364","JAMUNDI","RURAL","FEMENINO","1"
"2018-08-23T00:00:00.000","76","VALLE DEL CAUCA","76364","JAMUNDI","RURAL","FEMENINO","1"
"2018-08-27T00:00:00.000","76","VALLE DEL CAUCA","76364","JAMUNDI","URBANA","FEMENINO","1"
"2018-08-31T00:00:00.000","76","VALLE DEL CAUCA","76364","JAMUNDI","URBANA","FEMENINO","1"
"2018-09-07T00:00:00.000","76","VALLE DEL CAUCA","76364","JAMUNDI","RURAL","FEMENINO","1"
"2018-09-09T00:00:00.000","76","VALLE DEL CAUCA","76364","JAMUNDI","URBANA","MASCULINO","1"
"2018-09-10T00:00:00.000","76","VALLE DEL CAUCA","76364","JAMUNDI","URBANA","FEMENINO","1"
"2018-09-10T00:00:00.000","76","VALLE DEL CAUCA","76364","JAMUNDI","URBANA","FEMENINO","1"
"2018-09-10T00:00:00.000","76","VALLE DEL CAUCA","76364","JAMUNDI","RURAL","FEMENINO","1"
"2018-09-14T00:00:00.000","76","VALLE DEL CAUCA","76364","JAMUNDI","URBANA","FEMENINO","1"
"2018-09-22T00:00:00.000","76","VALLE DEL CAUCA","76364","JAMUNDI","URBANA","FEMENINO","1"
"2018-09-26T00:00:00.000","76","VALLE DEL CAUCA","76364","JAMUNDI","URBANA","FEMENINO","1"
"2018-09-28T00:00:00.000","76","VALLE DEL CAUCA","76364","JAMUNDI","URBANA","FEMENINO","1"
"2018-10-01T00:00:00.000","76","VALLE DEL CAUCA","76364","JAMUNDI","URBANA","FEMENINO","1"
"2018-10-02T00:00:00.000","76","VALLE DEL CAUCA","76364","JAMUNDI","URBANA","FEMENINO","1"
"2018-10-07T00:00:00.000","76","VALLE DEL CAUCA","76364","JAMUNDI","RURAL","FEMENINO","1"
"2018-10-07T00:00:00.000","76","VALLE DEL CAUCA","76364","JAMUNDI","URBANA","MASCULINO","1"
"2018-10-10T00:00:00.000","76","VALLE DEL CAUCA","76364","JAMUNDI","URBANA","FEMENINO","1"
"2018-10-16T00:00:00.000","76","VALLE DEL CAUCA","76364","JAMUNDI","RURAL","FEMENINO","1"
"2018-10-19T00:00:00.000","76","VALLE DEL CAUCA","76364","JAMUNDI","RURAL","FEMENINO","1"
"2018-10-22T00:00:00.000","76","VALLE DEL CAUCA","76364","JAMUNDI","URBANA","FEMENINO","1"
"2018-11-04T00:00:00.000","76","VALLE DEL CAUCA","76364","JAMUNDI","URBANA","FEMENINO","1"
"2018-11-04T00:00:00.000","76","VALLE DEL CAUCA","76364","JAMUNDI","RURAL","FEMENINO","1"
"2018-11-09T00:00:00.000","76","VALLE DEL CAUCA","76364","JAMUNDI","URBANA","FEMENINO","1"
"2018-11-09T00:00:00.000","76","VALLE DEL CAUCA","76364","JAMUNDI","URBANA","FEMENINO","1"
"2018-11-09T00:00:00.000","76","VALLE DEL CAUCA","76364","JAMUNDI","URBANA","MASCULINO","1"
"2018-11-16T00:00:00.000","76","VALLE DEL CAUCA","76364","JAMUNDI","RURAL","FEMENINO","1"
"2018-11-23T00:00:00.000","76","VALLE DEL CAUCA","76364","JAMUNDI","URBANA","FEMENINO","1"
"2018-12-01T00:00:00.000","76","VALLE DEL CAUCA","76364","JAMUNDI","URBANA","FEMENINO","1"
"2018-12-03T00:00:00.000","76","VALLE DEL CAUCA","76364","JAMUNDI","URBANA","MASCULINO","1"
"2018-12-08T00:00:00.000","76","VALLE DEL CAUCA","76364","JAMUNDI","URBANA","FEMENINO","1"
"2018-12-20T00:00:00.000","76","VALLE DEL CAUCA","76364","JAMUNDI","RURAL","FEMENINO","1"
"2018-12-23T00:00:00.000","76","VALLE DEL CAUCA","76364","JAMUNDI","URBANA","FEMENINO","1"
"2018-12-27T00:00:00.000","76","VALLE DEL CAUCA","76364","JAMUNDI","URBANA","FEMENINO","1"
"2018-12-27T00:00:00.000","76","VALLE DEL CAUCA","76364","JAMUNDI","URBANA","FEMENINO","1"
"2018-12-27T00:00:00.000","76","VALLE DEL CAUCA","76364","JAMUNDI","URBANA","FEMENINO","1"
"2018-12-28T00:00:00.000","76","VALLE DEL CAUCA","76364","JAMUNDI","URBANA","MASCULINO","1"
"2018-12-31T00:00:00.000","76","VALLE DEL CAUCA","76364","JAMUNDI","URBANA","FEMENINO","1"
"2019-01-09T00:00:00.000","76","VALLE DEL CAUCA","76364","JAMUNDI","URBANA","FEMENINO","1"
"2019-01-20T00:00:00.000","76","VALLE DEL CAUCA","76364","JAMUNDI","URBANA","MASCULINO","1"
"2019-01-27T00:00:00.000","76","VALLE DEL CAUCA","76364","JAMUNDI","URBANA","FEMENINO","1"
"2019-02-05T00:00:00.000","76","VALLE DEL CAUCA","76364","JAMUNDI","URBANA","FEMENINO","1"
"2019-02-07T00:00:00.000","76","VALLE DEL CAUCA","76364","JAMUNDI","RURAL","MASCULINO","1"
"2019-02-18T00:00:00.000","76","VALLE DEL CAUCA","76364","JAMUNDI","URBANA","FEMENINO","1"
"2019-03-01T00:00:00.000","76","VALLE DEL CAUCA","76364","JAMUNDI","URBANA","MASCULINO","1"
"2019-03-10T00:00:00.000","76","VALLE DEL CAUCA","76364","JAMUNDI","URBANA","FEMENINO","1"
"2019-03-21T00:00:00.000","76","VALLE DEL CAUCA","76364","JAMUNDI","URBANA","MASCULINO","1"
"2019-03-21T00:00:00.000","76","VALLE DEL CAUCA","76364","JAMUNDI","URBANA","FEMENINO","1"
"2019-03-25T00:00:00.000","76","VALLE DEL CAUCA","76364","JAMUNDI","URBANA","MASCULINO","1"
"2019-03-26T00:00:00.000","76","VALLE DEL CAUCA","76364","JAMUNDI","RURAL","FEMENINO","1"
"2019-03-31T00:00:00.000","76","VALLE DEL CAUCA","76364","JAMUNDI","URBANA","FEMENINO","1"
"2019-04-02T00:00:00.000","76","VALLE DEL CAUCA","76364","JAMUNDI","RURAL","FEMENINO","1"
"2019-04-05T00:00:00.000","76","VALLE DEL CAUCA","76364","JAMUNDI","URBANA","FEMENINO","1"
"2019-04-05T00:00:00.000","76","VALLE DEL CAUCA","76364","JAMUNDI","URBANA","FEMENINO","1"
"2019-04-05T00:00:00.000","76","VALLE DEL CAUCA","76364","JAMUNDI","RURAL","MASCULINO","1"
"2019-04-06T00:00:00.000","76","VALLE DEL CAUCA","76364","JAMUNDI","URBANA","FEMENINO","1"
"2019-04-08T00:00:00.000","76","VALLE DEL CAUCA","76364","JAMUNDI","RURAL","FEMENINO","1"
"2019-04-11T00:00:00.000","76","VALLE DEL CAUCA","76364","JAMUNDI","RURAL","FEMENINO","1"
"2019-04-11T00:00:00.000","76","VALLE DEL CAUCA","76364","JAMUNDI","URBANA","FEMENINO","1"
"2019-04-13T00:00:00.000","76","VALLE DEL CAUCA","76364","JAMUNDI","RURAL","FEMENINO","1"
"2019-04-15T00:00:00.000","76","VALLE DEL CAUCA","76364","JAMUNDI","RURAL","FEMENINO","1"
"2019-04-17T00:00:00.000","76","VALLE DEL CAUCA","76364","JAMUNDI","URBANA","FEMENINO","1"
"2019-04-25T00:00:00.000","76","VALLE DEL CAUCA","76364","JAMUNDI","URBANA","FEMENINO","1"
"2019-04-28T00:00:00.000","76","VALLE DEL CAUCA","76364","JAMUNDI","RURAL","FEMENINO","1"
"2019-04-30T00:00:00.000","76","VALLE DEL CAUCA","76364","JAMUNDI","URBANA","MASCULINO","1"
"2019-05-07T00:00:00.000","76","VALLE DEL CAUCA","76364","JAMUNDI","RURAL","FEMENINO","1"
"2019-05-07T00:00:00.000","76","VALLE DEL CAUCA","76364","JAMUNDI","URBANA","MASCULINO","1"
"2019-05-12T00:00:00.000","76","VALLE DEL CAUCA","76364","JAMUNDI","URBANA","FEMENINO","1"
"2019-05-14T00:00:00.000","76","VALLE DEL CAUCA","76364","JAMUNDI","RURAL","FEMENINO","1"
"2019-05-19T00:00:00.000","76","VALLE DEL CAUCA","76364","JAMUNDI","URBANA","FEMENINO","1"
"2019-05-21T00:00:00.000","76","VALLE DEL CAUCA","76364","JAMUNDI","URBANA","FEMENINO","1"
"2019-05-23T00:00:00.000","76","VALLE DEL CAUCA","76364","JAMUNDI","URBANA","FEMENINO","1"
"2019-05-24T00:00:00.000","76","VALLE DEL CAUCA","76364","JAMUNDI","URBANA","FEMENINO","1"
"2019-05-25T00:00:00.000","76","VALLE DEL CAUCA","76364","JAMUNDI","URBANA","FEMENINO","1"
"2019-05-25T00:00:00.000","76","VALLE DEL CAUCA","76364","JAMUNDI","RURAL","FEMENINO","1"
"2019-05-25T00:00:00.000","76","VALLE DEL CAUCA","76364","JAMUNDI","RURAL","FEMENINO","1"
"2019-06-08T00:00:00.000","76","VALLE DEL CAUCA","76364","JAMUNDI","URBANA","FEMENINO","1"
"2019-06-10T00:00:00.000","76","VALLE DEL CAUCA","76364","JAMUNDI","RURAL","FEMENINO","1"
"2019-06-15T00:00:00.000","76","VALLE DEL CAUCA","76364","JAMUNDI","URBANA","FEMENINO","1"
"2019-06-24T00:00:00.000","76","VALLE DEL CAUCA","76364","JAMUNDI","RURAL","FEMENINO","1"
"2019-06-26T00:00:00.000","76","VALLE DEL CAUCA","76364","JAMUNDI","URBANA","FEMENINO","1"
"2019-06-26T00:00:00.000","76","VALLE DEL CAUCA","76364","JAMUNDI","URBANA","FEMENINO","1"
"2019-07-01T00:00:00.000","76","VALLE DEL CAUCA","76364","JAMUNDI","RURAL","FEMENINO","1"
"2019-07-01T00:00:00.000","76","VALLE DEL CAUCA","76364","JAMUNDI","URBANA","FEMENINO","1"
"2019-07-11T00:00:00.000","76","VALLE DEL CAUCA","76364","JAMUNDI","URBANA","FEMENINO","1"
"2019-07-13T00:00:00.000","76","VALLE DEL CAUCA","76364","JAMUNDI","URBANA","FEMENINO","1"
"2019-07-13T00:00:00.000","76","VALLE DEL CAUCA","76364","JAMUNDI","URBANA","FEMENINO","1"
"2019-07-16T00:00:00.000","76","VALLE DEL CAUCA","76364","JAMUNDI","RURAL","FEMENINO","1"
"2019-07-30T00:00:00.000","76","VALLE DEL CAUCA","76364","JAMUNDI","URBANA","FEMENINO","1"
"2019-08-06T00:00:00.000","76","VALLE DEL CAUCA","76364","JAMUNDI","URBANA","MASCULINO","1"
"2019-08-08T00:00:00.000","76","VALLE DEL CAUCA","76364","JAMUNDI","RURAL","FEMENINO","1"
"2019-08-08T00:00:00.000","76","VALLE DEL CAUCA","76364","JAMUNDI","URBANA","FEMENINO","1"
"2019-08-13T00:00:00.000","76","VALLE DEL CAUCA","76364","JAMUNDI","URBANA","MASCULINO","1"
"2019-08-14T00:00:00.000","76","VALLE DEL CAUCA","76364","JAMUNDI","URBANA","FEMENINO","1"
"2019-08-20T00:00:00.000","76","VALLE DEL CAUCA","76364","JAMUNDI","URBANA","MASCULINO","1"
"2019-08-23T00:00:00.000","76","VALLE DEL CAUCA","76364","JAMUNDI","RURAL","FEMENINO","1"
"2019-08-26T00:00:00.000","76","VALLE DEL CAUCA","76364","JAMUNDI","URBANA","FEMENINO","1"
"2019-08-26T00:00:00.000","76","VALLE DEL CAUCA","76364","JAMUNDI","RURAL","FEMENINO","1"
"2019-09-07T00:00:00.000","76","VALLE DEL CAUCA","76364","JAMUNDI","URBANA","MASCULINO","1"
"2019-09-07T00:00:00.000","76","VALLE DEL CAUCA","76364","JAMUNDI","URBANA","FEMENINO","1"
"2019-09-09T00:00:00.000","76","VALLE DEL CAUCA","76364","JAMUNDI","URBANA","FEMENINO","1"
"2019-09-09T00:00:00.000","76","VALLE DEL CAUCA","76364","JAMUNDI","URBANA","FEMENINO","1"
"2019-09-16T00:00:00.000","76","VALLE DEL CAUCA","76364","JAMUNDI","URBANA","MASCULINO","1"
"2019-09-17T00:00:00.000","76","VALLE DEL CAUCA","76364","JAMUNDI","URBANA","FEMENINO","1"
"2019-09-19T00:00:00.000","76","VALLE DEL CAUCA","76364","JAMUNDI","URBANA","MASCULINO","1"
"2019-09-20T00:00:00.000","76","VALLE DEL CAUCA","76364","JAMUNDI","URBANA","FEMENINO","1"
"2019-09-21T00:00:00.000","76","VALLE DEL CAUCA","76364","JAMUNDI","URBANA","FEMENINO","1"
"2019-10-07T00:00:00.000","76","VALLE DEL CAUCA","76364","JAMUNDI","RURAL","MASCULINO","1"
"2019-10-08T00:00:00.000","76","VALLE DEL CAUCA","76364","JAMUNDI","URBANA","FEMENINO","1"
"2019-10-15T00:00:00.000","76","VALLE DEL CAUCA","76364","JAMUNDI","URBANA","MASCULINO","1"
"2019-10-16T00:00:00.000","76","VALLE DEL CAUCA","76364","JAMUNDI","URBANA","FEMENINO","1"
"2019-10-21T00:00:00.000","76","VALLE DEL CAUCA","76364","JAMUNDI","URBANA","FEMENINO","1"
"2019-10-23T00:00:00.000","76","VALLE DEL CAUCA","76364","JAMUNDI","URBANA","FEMENINO","1"
"2019-10-23T00:00:00.000","76","VALLE DEL CAUCA","76364","JAMUNDI","RURAL","FEMENINO","1"
"2019-10-26T00:00:00.000","76","VALLE DEL CAUCA","76364","JAMUNDI","RURAL","MASCULINO","1"
"2019-10-31T00:00:00.000","76","VALLE DEL CAUCA","76364","JAMUNDI","URBANA","FEMENINO","1"
"2019-11-04T00:00:00.000","76","VALLE DEL CAUCA","76364","JAMUNDI","URBANA","FEMENINO","1"
"2019-11-06T00:00:00.000","76","VALLE DEL CAUCA","76364","JAMUNDI","URBANA","FEMENINO","1"
"2019-11-07T00:00:00.000","76","VALLE DEL CAUCA","76364","JAMUNDI","URBANA","FEMENINO","1"
"2019-11-07T00:00:00.000","76","VALLE DEL CAUCA","76364","JAMUNDI","URBANA","FEMENINO","1"
"2019-11-07T00:00:00.000","76","VALLE DEL CAUCA","76364","JAMUNDI","URBANA","FEMENINO","1"
"2019-11-11T00:00:00.000","76","VALLE DEL CAUCA","76364","JAMUNDI","URBANA","FEMENINO","1"
"2019-11-13T00:00:00.000","76","VALLE DEL CAUCA","76364","JAMUNDI","URBANA","FEMENINO","1"
"2019-11-20T00:00:00.000","76","VALLE DEL CAUCA","76364","JAMUNDI","URBANA","FEMENINO","1"
"2019-11-27T00:00:00.000","76","VALLE DEL CAUCA","76364","JAMUNDI","URBANA","FEMENINO","1"
"2019-12-01T00:00:00.000","76","VALLE DEL CAUCA","76364","JAMUNDI","URBANA","MASCULINO","1"
"2019-12-02T00:00:00.000","76","VALLE DEL CAUCA","76364","JAMUNDI","URBANA","FEMENINO","1"
"2019-12-08T00:00:00.000","76","VALLE DEL CAUCA","76364","JAMUNDI","URBANA","FEMENINO","1"
"2019-12-16T00:00:00.000","76","VALLE DEL CAUCA","76364","JAMUNDI","RURAL","FEMENINO","1"
"2019-12-23T00:00:00.000","76","VALLE DEL CAUCA","76364","JAMUNDI","URBANA","FEMENINO","1"
"2019-12-23T00:00:00.000","76","VALLE DEL CAUCA","76364","JAMUNDI","URBANA","FEMENINO","1"
"2019-12-25T00:00:00.000","76","VALLE DEL CAUCA","76364","JAMUNDI","URBANA","FEMENINO","1"
"2019-12-29T00:00:00.000","76","VALLE DEL CAUCA","76364","JAMUNDI","URBANA","MASCULINO","1"
"2020-01-01T00:00:00.000","76","VALLE DEL CAUCA","76364","JAMUNDI","RURAL","FEMENINO","1"
"2020-01-07T00:00:00.000","76","VALLE DEL CAUCA","76364","JAMUNDI","URBANA","FEMENINO","1"
"2020-01-09T00:00:00.000","76","VALLE DEL CAUCA","76364","JAMUNDI","URBANA","FEMENINO","1"
"2020-01-16T00:00:00.000","76","VALLE DEL CAUCA","76364","JAMUNDI","URBANA","FEMENINO","1"
"2020-01-17T00:00:00.000","76","VALLE DEL CAUCA","76364","JAMUNDI","URBANA","FEMENINO","1"
"2020-01-18T00:00:00.000","76","VALLE DEL CAUCA","76364","JAMUNDI","URBANA","FEMENINO","1"
"2020-01-20T00:00:00.000","76","VALLE DEL CAUCA","76364","JAMUNDI","URBANA","FEMENINO","1"
"2020-01-29T00:00:00.000","76","VALLE DEL CAUCA","76364","JAMUNDI","RURAL","FEMENINO","1"
"2020-01-30T00:00:00.000","76","VALLE DEL CAUCA","76364","JAMUNDI","RURAL","FEMENINO","1"
"2020-02-01T00:00:00.000","76","VALLE DEL CAUCA","76364","JAMUNDI","RURAL","MASCULINO","1"
"2020-02-04T00:00:00.000","76","VALLE DEL CAUCA","76364","JAMUNDI","RURAL","MASCULINO","1"
"2020-02-05T00:00:00.000","76","VALLE DEL CAUCA","76364","JAMUNDI","RURAL","FEMENINO","1"
"2020-02-05T00:00:00.000","76","VALLE DEL CAUCA","76364","JAMUNDI","URBANA","FEMENINO","1"
"2020-02-13T00:00:00.000","76","VALLE DEL CAUCA","76364","JAMUNDI","URBANA","FEMENINO","1"
"2020-02-14T00:00:00.000","76","VALLE DEL CAUCA","76364","JAMUNDI","URBANA","FEMENINO","1"
"2020-02-14T00:00:00.000","76","VALLE DEL CAUCA","76364","JAMUNDI","RURAL","FEMENINO","1"
"2020-02-17T00:00:00.000","76","VALLE DEL CAUCA","76364","JAMUNDI","RURAL","FEMENINO","1"
"2020-02-21T00:00:00.000","76","VALLE DEL CAUCA","76364","JAMUNDI","URBANA","FEMENINO","1"
"2020-02-25T00:00:00.000","76","VALLE DEL CAUCA","76364","JAMUNDI","URBANA","FEMENINO","1"
"2020-02-27T00:00:00.000","76","VALLE DEL CAUCA","76364","JAMUNDI","URBANA","FEMENINO","1"
"2020-02-28T00:00:00.000","76","VALLE DEL CAUCA","76364","JAMUNDI","URBANA","FEMENINO","1"
"2020-03-01T00:00:00.000","76","VALLE DEL CAUCA","76364","JAMUNDI","RURAL","FEMENINO","1"
"2020-03-03T00:00:00.000","76","VALLE DEL CAUCA","76364","JAMUNDI","URBANA","FEMENINO","1"
"2020-03-04T00:00:00.000","76","VALLE DEL CAUCA","76364","JAMUNDI","RURAL","FEMENINO","1"
"2020-03-14T00:00:00.000","76","VALLE DEL CAUCA","76364","JAMUNDI","URBANA","FEMENINO","1"
"2020-03-14T00:00:00.000","76","VALLE DEL CAUCA","76364","JAMUNDI","URBANA","MASCULINO","1"
"2020-03-24T00:00:00.000","76","VALLE DEL CAUCA","76364","JAMUNDI","RURAL","MASCULINO","1"
"2020-03-28T00:00:00.000","76","VALLE DEL CAUCA","76364","JAMUNDI","RURAL","MASCULINO","1"
"2020-04-01T00:00:00.000","76","VALLE DEL CAUCA","76364","JAMUNDI","URBANA","MASCULINO","1"
"2020-04-12T00:00:00.000","76","VALLE DEL CAUCA","76364","JAMUNDI","URBANA","FEMENINO","1"
"2020-04-15T00:00:00.000","76","VALLE DEL CAUCA","76364","JAMUNDI","URBANA","FEMENINO","1"
"2020-05-01T00:00:00.000","76","VALLE DEL CAUCA","76364","JAMUNDI","RURAL","FEMENINO","1"
"2020-05-03T00:00:00.000","76","VALLE DEL CAUCA","76364","JAMUNDI","URBANA","FEMENINO","1"
"2020-05-11T00:00:00.000","76","VALLE DEL CAUCA","76364","JAMUNDI","RURAL","FEMENINO","1"
"2020-05-11T00:00:00.000","76","VALLE DEL CAUCA","76364","JAMUNDI","URBANA","FEMENINO","1"
"2020-05-14T00:00:00.000","76","VALLE DEL CAUCA","76364","JAMUNDI","URBANA","FEMENINO","1"
"2020-05-14T00:00:00.000","76","VALLE DEL CAUCA","76364","JAMUNDI","URBANA","FEMENINO","1"
"2020-05-16T00:00:00.000","76","VALLE DEL CAUCA","76364","JAMUNDI","URBANA","FEMENINO","1"
"2020-05-17T00:00:00.000","76","VALLE DEL CAUCA","76364","JAMUNDI","RURAL","FEMENINO","1"
"2020-05-30T00:00:00.000","76","VALLE DEL CAUCA","76364","JAMUNDI","RURAL","FEMENINO","1"
"2020-06-04T00:00:00.000","76","VALLE DEL CAUCA","76364","JAMUNDI","URBANA","FEMENINO","1"
"2020-06-06T00:00:00.000","76","VALLE DEL CAUCA","76364","JAMUNDI","URBANA","FEMENINO","1"
"2020-06-07T00:00:00.000","76","VALLE DEL CAUCA","76364","JAMUNDI","RURAL","FEMENINO","1"
"2020-06-15T00:00:00.000","76","VALLE DEL CAUCA","76364","JAMUNDI","RURAL","FEMENINO","1"
"2020-06-15T00:00:00.000","76","VALLE DEL CAUCA","76364","JAMUNDI","URBANA","MASCULINO","1"
"2020-06-16T00:00:00.000","76","VALLE DEL CAUCA","76364","JAMUNDI","URBANA","MASCULINO","1"
"2020-06-18T00:00:00.000","76","VALLE DEL CAUCA","76364","JAMUNDI","RURAL","MASCULINO","1"
"2020-06-18T00:00:00.000","76","VALLE DEL CAUCA","76364","JAMUNDI","RURAL","FEMENINO","1"
"2020-06-23T00:00:00.000","76","VALLE DEL CAUCA","76364","JAMUNDI","URBANA","FEMENINO","1"
"2020-06-23T00:00:00.000","76","VALLE DEL CAUCA","76364","JAMUNDI","URBANA","FEMENINO","1"
"2020-06-25T00:00:00.000","76","VALLE DEL CAUCA","76364","JAMUNDI","URBANA","FEMENINO","1"
"2020-06-28T00:00:00.000","76","VALLE DEL CAUCA","76364","JAMUNDI","URBANA","FEMENINO","1"
"2020-06-28T00:00:00.000","76","VALLE DEL CAUCA","76364","JAMUNDI","URBANA","FEMENINO","1"
"2020-06-30T00:00:00.000","76","VALLE DEL CAUCA","76364","JAMUNDI","URBANA","FEMENINO","1"
"2020-06-30T00:00:00.000","76","VALLE DEL CAUCA","76364","JAMUNDI","URBANA","FEMENINO","1"
"2020-07-24T00:00:00.000","76","VALLE DEL CAUCA","76364","JAMUNDI","RURAL","FEMENINO","1"
"2020-07-27T00:00:00.000","76","VALLE DEL CAUCA","76364","JAMUNDI","URBANA","FEMENINO","1"
"2020-07-30T00:00:00.000","76","VALLE DEL CAUCA","76364","JAMUNDI","URBANA","FEMENINO","1"
"2020-07-31T00:00:00.000","76","VALLE DEL CAUCA","76364","JAMUNDI","RURAL","FEMENINO","1"
"2020-07-31T00:00:00.000","76","VALLE DEL CAUCA","76364","JAMUNDI","RURAL","FEMENINO","1"
"2020-08-05T00:00:00.000","76","VALLE DEL CAUCA","76364","JAMUNDI","URBANA","FEMENINO","1"
"2020-08-07T00:00:00.000","76","VALLE DEL CAUCA","76364","JAMUNDI","URBANA","FEMENINO","1"
"2020-08-08T00:00:00.000","76","VALLE DEL CAUCA","76364","JAMUNDI","URBANA","FEMENINO","1"
"2020-08-17T00:00:00.000","76","VALLE DEL CAUCA","76364","JAMUNDI","URBANA","FEMENINO","1"
"2020-08-22T00:00:00.000","76","VALLE DEL CAUCA","76364","JAMUNDI","URBANA","FEMENINO","1"
"2020-08-23T00:00:00.000","76","VALLE DEL CAUCA","76364","JAMUNDI","URBANA","MASCULINO","1"
"2020-09-01T00:00:00.000","76","VALLE DEL CAUCA","76364","JAMUNDI","URBANA","MASCULINO","1"
"2020-09-08T00:00:00.000","76","VALLE DEL CAUCA","76364","JAMUNDI","URBANA","FEMENINO","1"
"2020-09-09T00:00:00.000","76","VALLE DEL CAUCA","76364","JAMUNDI","URBANA","FEMENINO","1"
"2020-09-12T00:00:00.000","76","VALLE DEL CAUCA","76364","JAMUNDI","RURAL","FEMENINO","1"
"2020-09-13T00:00:00.000","76","VALLE DEL CAUCA","76364","JAMUNDI","URBANA","FEMENINO","1"
"2020-09-15T00:00:00.000","76","VALLE DEL CAUCA","76364","JAMUNDI","URBANA","MASCULINO","1"
"2020-09-16T00:00:00.000","76","VALLE DEL CAUCA","76364","JAMUNDI","RURAL","FEMENINO","1"
"2020-09-22T00:00:00.000","76","VALLE DEL CAUCA","76364","JAMUNDI","RURAL","FEMENINO","1"
"2020-09-22T00:00:00.000","76","VALLE DEL CAUCA","76364","JAMUNDI","RURAL","FEMENINO","1"
"2020-09-23T00:00:00.000","76","VALLE DEL CAUCA","76364","JAMUNDI","URBANA","FEMENINO","1"
"2020-09-23T00:00:00.000","76","VALLE DEL CAUCA","76364","JAMUNDI","URBANA","FEMENINO","1"
"2020-09-23T00:00:00.000","76","VALLE DEL CAUCA","76364","JAMUNDI","URBANA","FEMENINO","1"
"2020-09-25T00:00:00.000","76","VALLE DEL CAUCA","76364","JAMUNDI","URBANA","FEMENINO","1"
"2020-10-01T00:00:00.000","76","VALLE DEL CAUCA","76364","JAMUNDI","RURAL","FEMENINO","1"
"2020-10-05T00:00:00.000","76","VALLE DEL CAUCA","76364","JAMUNDI","URBANA","FEMENINO","1"
"2020-10-12T00:00:00.000","76","VALLE DEL CAUCA","76364","JAMUNDI","URBANA","FEMENINO","1"
"2020-10-12T00:00:00.000","76","VALLE DEL CAUCA","76364","JAMUNDI","URBANA","FEMENINO","1"
"2020-10-14T00:00:00.000","76","VALLE DEL CAUCA","76364","JAMUNDI","RURAL","FEMENINO","1"
"2020-10-14T00:00:00.000","76","VALLE DEL CAUCA","76364","JAMUNDI","RURAL","FEMENINO","1"
"2020-10-19T00:00:00.000","76","VALLE DEL CAUCA","76364","JAMUNDI","RURAL","MASCULINO","1"
"2020-10-20T00:00:00.000","76","VALLE DEL CAUCA","76364","JAMUNDI","URBANA","FEMENINO","1"
"2020-10-20T00:00:00.000","76","VALLE DEL CAUCA","76364","JAMUNDI","URBANA","FEMENINO","1"
"2020-10-23T00:00:00.000","76","VALLE DEL CAUCA","76364","JAMUNDI","URBANA","FEMENINO","1"
"2020-10-23T00:00:00.000","76","VALLE DEL CAUCA","76364","JAMUNDI","URBANA","FEMENINO","1"
"2020-10-23T00:00:00.000","76","VALLE DEL CAUCA","76364","JAMUNDI","RURAL","MASCULINO","1"
"2020-10-26T00:00:00.000","76","VALLE DEL CAUCA","76364","JAMUNDI","URBANA","MASCULINO","1"
"2020-10-29T00:00:00.000","76","VALLE DEL CAUCA","76364","JAMUNDI","URBANA","MASCULINO","1"
"2020-11-06T00:00:00.000","76","VALLE DEL CAUCA","76364","JAMUNDI","RURAL","FEMENINO","1"
"2020-11-08T00:00:00.000","76","VALLE DEL CAUCA","76364","JAMUNDI","URBANA","FEMENINO","1"
"2020-11-09T00:00:00.000","76","VALLE DEL CAUCA","76364","JAMUNDI","URBANA","FEMENINO","1"
"2020-11-15T00:00:00.000","76","VALLE DEL CAUCA","76364","JAMUNDI","URBANA","FEMENINO","1"
"2020-11-16T00:00:00.000","76","VALLE DEL CAUCA","76364","JAMUNDI","RURAL","FEMENINO","1"
"2020-11-18T00:00:00.000","76","VALLE DEL CAUCA","76364","JAMUNDI","URBANA","MASCULINO","1"
"2020-11-23T00:00:00.000","76","VALLE DEL CAUCA","76364","JAMUNDI","URBANA","FEMENINO","1"
"2020-11-24T00:00:00.000","76","VALLE DEL CAUCA","76364","JAMUNDI","URBANA","FEMENINO","1"
"2020-11-30T00:00:00.000","76","VALLE DEL CAUCA","76364","JAMUNDI","URBANA","FEMENINO","1"
"2020-12-12T00:00:00.000","76","VALLE DEL CAUCA","76364","JAMUNDI","URBANA","FEMENINO","1"
"2020-12-26T00:00:00.000","76","VALLE DEL CAUCA","76364","JAMUNDI","URBANA","MASCULINO","1"
"2021-01-01T00:00:00.000","76","VALLE DEL CAUCA","76364","JAMUNDI","URBANA","MASCULINO","1"
"2021-01-02T00:00:00.000","76","VALLE DEL CAUCA","76364","JAMUNDI","URBANA","FEMENINO","1"
"2021-01-13T00:00:00.000","76","VALLE DEL CAUCA","76364","JAMUNDI","RURAL","FEMENINO","1"
"2021-02-07T00:00:00.000","76","VALLE DEL CAUCA","76364","JAMUNDI","URBANA","FEMENINO","1"
"2021-02-09T00:00:00.000","76","VALLE DEL CAUCA","76364","JAMUNDI","RURAL","FEMENINO","1"
"2021-02-18T00:00:00.000","76","VALLE DEL CAUCA","76364","JAMUNDI","URBANA","FEMENINO","1"
"2021-02-20T00:00:00.000","76","VALLE DEL CAUCA","76364","JAMUNDI","URBANA","MASCULINO","1"
"2021-02-23T00:00:00.000","76","VALLE DEL CAUCA","76364","JAMUNDI","URBANA","FEMENINO","1"
"2021-02-26T00:00:00.000","76","VALLE DEL CAUCA","76364","JAMUNDI","URBANA","FEMENINO","1"
"2021-02-28T00:00:00.000","76","VALLE DEL CAUCA","76364","JAMUNDI","URBANA","FEMENINO","1"
"2021-03-01T00:00:00.000","76","VALLE DEL CAUCA","76364","JAMUNDI","URBANA","FEMENINO","1"
"2021-03-01T00:00:00.000","76","VALLE DEL CAUCA","76364","JAMUNDI","RURAL","FEMENINO","1"
"2021-03-01T00:00:00.000","76","VALLE DEL CAUCA","76364","JAMUNDI","URBANA","FEMENINO","1"
"2021-03-08T00:00:00.000","76","VALLE DEL CAUCA","76364","JAMUNDI","URBANA","FEMENINO","1"
"2021-03-08T00:00:00.000","76","VALLE DEL CAUCA","76364","JAMUNDI","URBANA","FEMENINO","1"
"2021-03-12T00:00:00.000","76","VALLE DEL CAUCA","76364","JAMUNDI","URBANA","FEMENINO","1"
"2021-03-16T00:00:00.000","76","VALLE DEL CAUCA","76364","JAMUNDI","URBANA","FEMENINO","1"
"2021-03-30T00:00:00.000","76","VALLE DEL CAUCA","76364","JAMUNDI","URBANA","FEMENINO","1"
"2021-04-03T00:00:00.000","76","VALLE DEL CAUCA","76364","JAMUNDI","URBANA","FEMENINO","1"
"2021-04-06T00:00:00.000","76","VALLE DEL CAUCA","76364","JAMUNDI","URBANA","FEMENINO","1"
"2021-04-08T00:00:00.000","76","VALLE DEL CAUCA","76364","JAMUNDI","URBANA","FEMENINO","1"
"2021-04-08T00:00:00.000","76","VALLE DEL CAUCA","76364","JAMUNDI","URBANA","FEMENINO","1"
"2021-04-15T00:00:00.000","76","VALLE DEL CAUCA","76364","JAMUNDI","RURAL","FEMENINO","1"
"2021-05-01T00:00:00.000","76","VALLE DEL CAUCA","76364","JAMUNDI","URBANA","MASCULINO","1"
"2021-05-01T00:00:00.000","76","VALLE DEL CAUCA","76364","JAMUNDI","URBANA","MASCULINO","1"
"2021-05-04T00:00:00.000","76","VALLE DEL CAUCA","76364","JAMUNDI","URBANA","FEMENINO","1"
"2021-05-07T00:00:00.000","76","VALLE DEL CAUCA","76364","JAMUNDI","URBANA","FEMENINO","1"
"2021-05-15T00:00:00.000","76","VALLE DEL CAUCA","76364","JAMUNDI","URBANA","FEMENINO","1"
"2021-05-19T00:00:00.000","76","VALLE DEL CAUCA","76364","JAMUNDI","URBANA","MASCULINO","1"
"2021-05-24T00:00:00.000","76","VALLE DEL CAUCA","76364","JAMUNDI","URBANA","FEMENINO","1"
"2021-05-28T00:00:00.000","76","VALLE DEL CAUCA","76364","JAMUNDI","RURAL","FEMENINO","1"
"2021-06-16T00:00:00.000","76","VALLE DEL CAUCA","76364","JAMUNDI","URBANA","MASCULINO","1"
"2021-06-17T00:00:00.000","76","VALLE DEL CAUCA","76364","JAMUNDI","URBANA","FEMENINO","1"
"2021-06-23T00:00:00.000","76","VALLE DEL CAUCA","76364","JAMUNDI","URBANA","FEMENINO","1"
"2021-06-27T00:00:00.000","76","VALLE DEL CAUCA","76364","JAMUNDI","URBANA","FEMENINO","1"
"2021-07-04T00:00:00.000","76","VALLE DEL CAUCA","76364","JAMUNDI","RURAL","FEMENINO","1"
"2021-07-09T00:00:00.000","76","VALLE DEL CAUCA","76364","JAMUNDI","URBANA","FEMENINO","1"
"2021-07-10T00:00:00.000","76","VALLE DEL CAUCA","76364","JAMUNDI","URBANA","MASCULINO","1"
"2021-07-13T00:00:00.000","76","VALLE DEL CAUCA","76364","JAMUNDI","RURAL","FEMENINO","1"
"2021-07-19T00:00:00.000","76","VALLE DEL CAUCA","76364","JAMUNDI","URBANA","MASCULINO","1"
"2021-07-19T00:00:00.000","76","VALLE DEL CAUCA","76364","JAMUNDI","URBANA","FEMENINO","1"
"2021-07-22T00:00:00.000","76","VALLE DEL CAUCA","76364","JAMUNDI","URBANA","FEMENINO","1"
"2021-07-24T00:00:00.000","76","VALLE DEL CAUCA","76364","JAMUNDI","URBANA","FEMENINO","1"
"2021-07-26T00:00:00.000","76","VALLE DEL CAUCA","76364","JAMUNDI","URBANA","FEMENINO","1"
"2021-07-29T00:00:00.000","76","VALLE DEL CAUCA","76364","JAMUNDI","URBANA","MASCULINO","1"
"2021-08-03T00:00:00.000","76","VALLE DEL CAUCA","76364","JAMUNDI","URBANA","FEMENINO","1"
"2021-08-08T00:00:00.000","76","VALLE DEL CAUCA","76364","JAMUNDI","URBANA","FEMENINO","1"
"2021-08-10T00:00:00.000","76","VALLE DEL CAUCA","76364","JAMUNDI","URBANA","FEMENINO","1"
"2021-08-15T00:00:00.000","76","VALLE DEL CAUCA","76364","JAMUNDI","URBANA","MASCULINO","1"
"2021-08-20T00:00:00.000","76","VALLE DEL CAUCA","76364","JAMUNDI","URBANA","FEMENINO","1"
"2021-09-06T00:00:00.000","76","VALLE DEL CAUCA","76364","JAMUNDI","URBANA","FEMENINO","1"
"2021-09-10T00:00:00.000","76","VALLE DEL CAUCA","76364","JAMUNDI","URBANA","FEMENINO","1"
"2021-09-11T00:00:00.000","76","VALLE DEL CAUCA","76364","JAMUNDI","URBANA","FEMENINO","1"
"2021-09-13T00:00:00.000","76","VALLE DEL CAUCA","76364","JAMUNDI","URBANA","MASCULINO","1"
"2021-09-15T00:00:00.000","76","VALLE DEL CAUCA","76364","JAMUNDI","RURAL","FEMENINO","1"
"2021-09-18T00:00:00.000","76","VALLE DEL CAUCA","76364","JAMUNDI","URBANA","MASCULINO","1"
"2021-09-22T00:00:00.000","76","VALLE DEL CAUCA","76364","JAMUNDI","URBANA","FEMENINO","1"
"2021-09-26T00:00:00.000","76","VALLE DEL CAUCA","76364","JAMUNDI","RURAL","MASCULINO","1"
"2021-09-28T00:00:00.000","76","VALLE DEL CAUCA","76364","JAMUNDI","URBANA","FEMENINO","1"
"2021-09-30T00:00:00.000","76","VALLE DEL CAUCA","76364","JAMUNDI","RURAL","FEMENINO","1"
"2021-10-01T00:00:00.000","76","VALLE DEL CAUCA","76364","JAMUNDI","URBANA","MASCULINO","1"
"2021-10-02T00:00:00.000","76","VALLE DEL CAUCA","76364","JAMUNDI","URBANA","FEMENINO","1"
"2021-10-06T00:00:00.000","76","VALLE DEL CAUCA","76364","JAMUNDI","URBANA","FEMENINO","1"
"2021-10-10T00:00:00.000","76","VALLE DEL CAUCA","76364","JAMUNDI","URBANA","MASCULINO","1"
"2021-10-11T00:00:00.000","76","VALLE DEL CAUCA","76364","JAMUNDI","URBANA","FEMENINO","1"
"2021-10-12T00:00:00.000","76","VALLE DEL CAUCA","76364","JAMUNDI","URBANA","FEMENINO","1"
"2021-10-15T00:00:00.000","76","VALLE DEL CAUCA","76364","JAMUNDI","URBANA","FEMENINO","1"
"2021-10-23T00:00:00.000","76","VALLE DEL CAUCA","76364","JAMUNDI","URBANA","FEMENINO","1"
"2021-11-01T00:00:00.000","76","VALLE DEL CAUCA","76364","JAMUNDI","URBANA","FEMENINO","1"
"2021-11-04T00:00:00.000","76","VALLE DEL CAUCA","76364","JAMUNDI","URBANA","FEMENINO","1"
"2021-11-10T00:00:00.000","76","VALLE DEL CAUCA","76364","JAMUNDI","URBANA","FEMENINO","1"
"2021-11-13T00:00:00.000","76","VALLE DEL CAUCA","76364","JAMUNDI","URBANA","FEMENINO","1"
"2021-11-24T00:00:00.000","76","VALLE DEL CAUCA","76364","JAMUNDI","URBANA","MASCULINO","1"
"2021-11-27T00:00:00.000","76","VALLE DEL CAUCA","76364","JAMUNDI","URBANA","FEMENINO","1"
"2021-11-30T00:00:00.000","76","VALLE DEL CAUCA","76364","JAMUNDI","URBANA","FEMENINO","1"
"2021-12-01T00:00:00.000","76","VALLE DEL CAUCA","76364","JAMUNDI","URBANA","FEMENINO","1"
"2021-12-01T00:00:00.000","76","VALLE DEL CAUCA","76364","JAMUNDI","URBANA","MASCULINO","1"
"2021-12-01T00:00:00.000","76","VALLE DEL CAUCA","76364","JAMUNDI","URBANA","FEMENINO","1"
"2021-12-01T00:00:00.000","76","VALLE DEL CAUCA","76364","JAMUNDI","URBANA","FEMENINO","1"
"2021-12-02T00:00:00.000","76","VALLE DEL CAUCA","76364","JAMUNDI","URBANA","MASCULINO","1"
"2021-12-16T00:00:00.000","76","VALLE DEL CAUCA","76364","JAMUNDI","URBANA","FEMENINO","1"
"2021-12-17T00:00:00.000","76","VALLE DEL CAUCA","76364","JAMUNDI","URBANA","FEMENINO","1"
"2021-12-17T00:00:00.000","76","VALLE DEL CAUCA","76364","JAMUNDI","URBANA","FEMENINO","1"
"2021-12-18T00:00:00.000","76","VALLE DEL CAUCA","76364","JAMUNDI","URBANA","FEMENINO","1"
"2021-12-18T00:00:00.000","76","VALLE DEL CAUCA","76364","JAMUNDI","URBANA","FEMENINO","1"
"2021-12-23T00:00:00.000","76","VALLE DEL CAUCA","76364","JAMUNDI","URBANA","FEMENINO","1"
"2021-12-27T00:00:00.000","76","VALLE DEL CAUCA","76364","JAMUNDI","URBANA","MASCULINO","1"
"2022-01-07T00:00:00.000","76","VALLE DEL CAUCA","76364","JAMUNDI","URBANA","FEMENINO","1"
"2022-01-10T00:00:00.000","76","VALLE DEL CAUCA","76364","JAMUNDI","URBANA","FEMENINO","1"
"2022-01-14T00:00:00.000","76","VALLE DEL CAUCA","76364","JAMUNDI","RURAL","FEMENINO","1"
"2022-01-21T00:00:00.000","76","VALLE DEL CAUCA","76364","JAMUNDI","URBANA","FEMENINO","1"
"2022-01-22T00:00:00.000","76","VALLE DEL CAUCA","76364","JAMUNDI","URBANA","FEMENINO","1"
"2022-01-24T00:00:00.000","76","VALLE DEL CAUCA","76364","JAMUNDI","URBANA","MASCULINO","1"
"2022-01-26T00:00:00.000","76","VALLE DEL CAUCA","76364","JAMUNDI","URBANA","MASCULINO","1"
"2022-01-30T00:00:00.000","76","VALLE DEL CAUCA","76364","JAMUNDI","URBANA","FEMENINO","1"
"2022-02-01T00:00:00.000","76","VALLE DEL CAUCA","76364","JAMUNDI","URBANA","FEMENINO","1"
"2022-02-03T00:00:00.000","76","VALLE DEL CAUCA","76364","JAMUNDI","URBANA","FEMENINO","1"
"2022-02-04T00:00:00.000","76","VALLE DEL CAUCA","76364","JAMUNDI","URBANA","FEMENINO","1"
"2022-02-08T00:00:00.000","76","VALLE DEL CAUCA","76364","JAMUNDI","URBANA","FEMENINO","1"
"2022-02-09T00:00:00.000","76","VALLE DEL CAUCA","76364","JAMUNDI","URBANA","FEMENINO","1"
"2022-02-14T00:00:00.000","76","VALLE DEL CAUCA","76364","JAMUNDI","URBANA","FEMENINO","1"
"2022-02-16T00:00:00.000","76","VALLE DEL CAUCA","76364","JAMUNDI","RURAL","MASCULINO","1"
"2022-02-19T00:00:00.000","76","VALLE DEL CAUCA","76364","JAMUNDI","URBANA","FEMENINO","1"
"2022-02-21T00:00:00.000","76","VALLE DEL CAUCA","76364","JAMUNDI","URBANA","FEMENINO","1"
"2022-02-22T00:00:00.000","76","VALLE DEL CAUCA","76364","JAMUNDI","URBANA","FEMENINO","1"
"2022-03-11T00:00:00.000","76","VALLE DEL CAUCA","76364","JAMUNDI","URBANA","MASCULINO","1"
"2022-03-15T00:00:00.000","76","VALLE DEL CAUCA","76364","JAMUNDI","URBANA","FEMENINO","1"
"2022-03-16T00:00:00.000","76","VALLE DEL CAUCA","76364","JAMUNDI","RURAL","FEMENINO","1"
"2022-03-18T00:00:00.000","76","VALLE DEL CAUCA","76364","JAMUNDI","URBANA","FEMENINO","1"
"2022-03-20T00:00:00.000","76","VALLE DEL CAUCA","76364","JAMUNDI","URBANA","FEMENINO","1"
"2022-03-23T00:00:00.000","76","VALLE DEL CAUCA","76364","JAMUNDI","URBANA","FEMENINO","1"
"2022-03-23T00:00:00.000","76","VALLE DEL CAUCA","76364","JAMUNDI","URBANA","FEMENINO","1"
"2022-04-05T00:00:00.000","76","VALLE DEL CAUCA","76364","JAMUNDI","URBANA","FEMENINO","1"
"2022-04-11T00:00:00.000","76","VALLE DEL CAUCA","76364","JAMUNDI","URBANA","FEMENINO","1"
"2022-04-14T00:00:00.000","76","VALLE DEL CAUCA","76364","JAMUNDI","URBANA","FEMENINO","1"
"2022-04-17T00:00:00.000","76","VALLE DEL CAUCA","76364","JAMUNDI","URBANA","FEMENINO","1"
"2022-04-17T00:00:00.000","76","VALLE DEL CAUCA","76364","JAMUNDI","URBANA","FEMENINO","1"
"2022-05-01T00:00:00.000","76","VALLE DEL CAUCA","76364","JAMUNDI","URBANA","FEMENINO","1"
"2022-05-03T00:00:00.000","76","VALLE DEL CAUCA","76364","JAMUNDI","URBANA","FEMENINO","1"
"2022-05-08T00:00:00.000","76","VALLE DEL CAUCA","76364","JAMUNDI","URBANA","MASCULINO","1"
"2022-05-08T00:00:00.000","76","VALLE DEL CAUCA","76364","JAMUNDI","URBANA","FEMENINO","1"
"2022-05-08T00:00:00.000","76","VALLE DEL CAUCA","76364","JAMUNDI","RURAL","FEMENINO","1"
"2022-05-08T00:00:00.000","76","VALLE DEL CAUCA","76364","JAMUNDI","RURAL","FEMENINO","1"
"2022-05-14T00:00:00.000","76","VALLE DEL CAUCA","76364","JAMUNDI","URBANA","FEMENINO","1"
"2022-05-16T00:00:00.000","76","VALLE DEL CAUCA","76364","JAMUNDI","URBANA","FEMENINO","1"
"2022-05-23T00:00:00.000","76","VALLE DEL CAUCA","76364","JAMUNDI","URBANA","FEMENINO","1"
"2022-05-25T00:00:00.000","76","VALLE DEL CAUCA","76364","JAMUNDI","URBANA","FEMENINO","1"
"2022-05-25T00:00:00.000","76","VALLE DEL CAUCA","76364","JAMUNDI","URBANA","FEMENINO","1"
"2022-05-26T00:00:00.000","76","VALLE DEL CAUCA","76364","JAMUNDI","URBANA","FEMENINO","1"
"2022-05-31T00:00:00.000","76","VALLE DEL CAUCA","76364","JAMUNDI","URBANA","FEMENINO","1"
"2022-06-07T00:00:00.000","76","VALLE DEL CAUCA","76364","JAMUNDI","URBANA","FEMENINO","1"
"2022-06-10T00:00:00.000","76","VALLE DEL CAUCA","76364","JAMUNDI","URBANA","FEMENINO","1"
"2022-07-01T00:00:00.000","76","VALLE DEL CAUCA","76364","JAMUNDI","URBANA","FEMENINO","1"
"2022-07-07T00:00:00.000","76","VALLE DEL CAUCA","76364","JAMUNDI","RURAL","FEMENINO","1"
"2022-07-10T00:00:00.000","76","VALLE DEL CAUCA","76364","JAMUNDI","RURAL","FEMENINO","1"
"2022-07-23T00:00:00.000","76","VALLE DEL CAUCA","76364","JAMUNDI","URBANA","FEMENINO","1"
"2022-07-25T00:00:00.000","76","VALLE DEL CAUCA","76364","JAMUNDI","URBANA","FEMENINO","1"
"2022-07-25T00:00:00.000","76","VALLE DEL CAUCA","76364","JAMUNDI","URBANA","FEMENINO","1"
"2022-08-01T00:00:00.000","76","VALLE DEL CAUCA","76364","JAMUNDI","URBANA","FEMENINO","1"
"2022-08-02T00:00:00.000","76","VALLE DEL CAUCA","76364","JAMUNDI","URBANA","MASCULINO","1"
"2022-08-20T00:00:00.000","76","VALLE DEL CAUCA","76364","JAMUNDI","URBANA","FEMENINO","1"
"2022-08-29T00:00:00.000","76","VALLE DEL CAUCA","76364","JAMUNDI","URBANA","FEMENINO","1"
"2022-09-08T00:00:00.000","76","VALLE DEL CAUCA","76364","JAMUNDI","URBANA","FEMENINO","1"
"2022-09-09T00:00:00.000","76","VALLE DEL CAUCA","76364","JAMUNDI","URBANA","FEMENINO","1"
"2022-09-11T00:00:00.000","76","VALLE DEL CAUCA","76364","JAMUNDI","URBANA","FEMENINO","1"
"2022-09-11T00:00:00.000","76","VALLE DEL CAUCA","76364","JAMUNDI","URBANA","FEMENINO","1"
"2022-09-13T00:00:00.000","76","VALLE DEL CAUCA","76364","JAMUNDI","URBANA","FEMENINO","1"
"2022-09-13T00:00:00.000","76","VALLE DEL CAUCA","76364","JAMUNDI","URBANA","FEMENINO","1"
"2022-09-18T00:00:00.000","76","VALLE DEL CAUCA","76364","JAMUNDI","URBANA","MASCULINO","1"
"2022-10-18T00:00:00.000","76","VALLE DEL CAUCA","76364","JAMUNDI","URBANA","MASCULINO","1"
"2022-10-28T00:00:00.000","76","VALLE DEL CAUCA","76364","JAMUNDI","URBANA","MASCULINO","1"
"2022-11-02T00:00:00.000","76","VALLE DEL CAUCA","76364","JAMUNDI","URBANA","FEMENINO","1"
"2022-11-16T00:00:00.000","76","VALLE DEL CAUCA","76364","JAMUNDI","URBANA","MASCULINO","1"
"2022-11-17T00:00:00.000","76","VALLE DEL CAUCA","76364","JAMUNDI","URBANA","MASCULINO","1"
"2022-11-18T00:00:00.000","76","VALLE DEL CAUCA","76364","JAMUNDI","URBANA","FEMENINO","1"
"2022-11-24T00:00:00.000","76","VALLE DEL CAUCA","76364","JAMUNDI","URBANA","FEMENINO","1"
"2022-11-28T00:00:00.000","76","VALLE DEL CAUCA","76364","JAMUNDI","URBANA","FEMENINO","1"
"2022-11-30T00:00:00.000","76","VALLE DEL CAUCA","76364","JAMUNDI","URBANA","FEMENINO","1"
"2022-12-15T00:00:00.000","76","VALLE DEL CAUCA","76364","JAMUNDI","URBANA","FEMENINO","1"
"2023-01-01T00:00:00.000","76","VALLE DEL CAUCA","76364","JAMUNDI","URBANA","FEMENINO","1"
"2023-01-01T00:00:00.000","76","VALLE DEL CAUCA","76364","JAMUNDI","URBANA","FEMENINO","1"
"2023-01-01T00:00:00.000","76","VALLE DEL CAUCA","76364","JAMUNDI","URBANA","FEMENINO","1"
"2023-01-01T00:00:00.000","76","VALLE DEL CAUCA","76364","JAMUNDI","URBANA","FEMENINO","1"
"2023-01-07T00:00:00.000","76","VALLE DEL CAUCA","76364","JAMUNDI","URBANA","FEMENINO","1"
"2023-01-08T00:00:00.000","76","VALLE DEL CAUCA","76364","JAMUNDI","URBANA","FEMENINO","1"
"2023-01-08T00:00:00.000","76","VALLE DEL CAUCA","76364","JAMUNDI","URBANA","FEMENINO","1"
"2023-01-11T00:00:00.000","76","VALLE DEL CAUCA","76364","JAMUNDI","URBANA","FEMENINO","1"
"2023-01-13T00:00:00.000","76","VALLE DEL CAUCA","76364","JAMUNDI","URBANA","FEMENINO","1"
"2023-01-23T00:00:00.000","76","VALLE DEL CAUCA","76364","JAMUNDI","URBANA","FEMENINO","1"
"2023-02-03T00:00:00.000","76","VALLE DEL CAUCA","76364","JAMUNDI","URBANA","FEMENINO","1"
"2023-02-07T00:00:00.000","76","VALLE DEL CAUCA","76364","JAMUNDI","RURAL","MASCULINO","1"
"2023-02-11T00:00:00.000","76","VALLE DEL CAUCA","76364","JAMUNDI","URBANA","FEMENINO","1"
"2023-02-23T00:00:00.000","76","VALLE DEL CAUCA","76364","JAMUNDI","URBANA","FEMENINO","1"
"2023-02-26T00:00:00.000","76","VALLE DEL CAUCA","76364","JAMUNDI","URBANA","FEMENINO","1"
"2023-02-28T00:00:00.000","76","VALLE DEL CAUCA","76364","JAMUNDI","RURAL","MASCULINO","1"
"2023-03-01T00:00:00.000","76","VALLE DEL CAUCA","76364","JAMUNDI","URBANA","FEMENINO","1"
"2023-03-01T00:00:00.000","76","VALLE DEL CAUCA","76364","JAMUNDI","URBANA","MASCULINO","1"
"2023-03-09T00:00:00.000","76","VALLE DEL CAUCA","76364","JAMUNDI","URBANA","FEMENINO","1"
"2023-03-09T00:00:00.000","76","VALLE DEL CAUCA","76364","JAMUNDI","URBANA","FEMENINO","1"
"2023-03-10T00:00:00.000","76","VALLE DEL CAUCA","76364","JAMUNDI","URBANA","FEMENINO","1"
"2023-03-18T00:00:00.000","76","VALLE DEL CAUCA","76364","JAMUNDI","URBANA","FEMENINO","1"
"2023-03-22T00:00:00.000","76","VALLE DEL CAUCA","76364","JAMUNDI","URBANA","FEMENINO","1"
"2023-03-29T00:00:00.000","76","VALLE DEL CAUCA","76364","JAMUNDI","URBANA","MASCULINO","1"
"2023-03-31T00:00:00.000","76","VALLE DEL CAUCA","76364","JAMUNDI","URBANA","FEMENINO","1"
"2023-04-03T00:00:00.000","76","VALLE DEL CAUCA","76364","JAMUNDI","URBANA","FEMENINO","1"
"2023-04-06T00:00:00.000","76","VALLE DEL CAUCA","76364","JAMUNDI","URBANA","FEMENINO","1"
"2023-04-20T00:00:00.000","76","VALLE DEL CAUCA","76364","JAMUNDI","URBANA","FEMENINO","1"
"2023-04-20T00:00:00.000","76","VALLE DEL CAUCA","76364","JAMUNDI","URBANA","FEMENINO","1"
"2023-05-11T00:00:00.000","76","VALLE DEL CAUCA","76364","JAMUNDI","URBANA","FEMENINO","1"
"2023-05-11T00:00:00.000","76","VALLE DEL CAUCA","76364","JAMUNDI","URBANA","FEMENINO","1"
"2023-05-12T00:00:00.000","76","VALLE DEL CAUCA","76364","JAMUNDI","URBANA","FEMENINO","1"
"2023-05-16T00:00:00.000","76","VALLE DEL CAUCA","76364","JAMUNDI","URBANA","FEMENINO","1"
"2023-05-21T00:00:00.000","76","VALLE DEL CAUCA","76364","JAMUNDI","URBANA","FEMENINO","1"
"2023-05-21T00:00:00.000","76","VALLE DEL CAUCA","76364","JAMUNDI","URBANA","FEMENINO","1"
"2023-05-26T00:00:00.000","76","VALLE DEL CAUCA","76364","JAMUNDI","URBANA","FEMENINO","1"
"2023-06-02T00:00:00.000","76","VALLE DEL CAUCA","76364","JAMUNDI","URBANA","FEMENINO","1"
"2023-06-06T00:00:00.000","76","VALLE DEL CAUCA","76364","JAMUNDI","URBANA","FEMENINO","1"
"2023-06-09T00:00:00.000","76","VALLE DEL CAUCA","76364","JAMUNDI","URBANA","FEMENINO","1"
"2023-06-13T00:00:00.000","76","VALLE DEL CAUCA","76364","JAMUNDI","URBANA","FEMENINO","1"
"2023-06-13T00:00:00.000","76","VALLE DEL CAUCA","76364","JAMUNDI","URBANA","FEMENINO","1"
"2023-06-20T00:00:00.000","76","VALLE DEL CAUCA","76364","JAMUNDI","URBANA","FEMENINO","1"
"2023-06-20T00:00:00.000","76","VALLE DEL CAUCA","76364","JAMUNDI","URBANA","MASCULINO","1"
"2023-06-29T00:00:00.000","76","VALLE DEL CAUCA","76364","JAMUNDI","URBANA","FEMENINO","1"
"2023-06-29T00:00:00.000","76","VALLE DEL CAUCA","76364","JAMUNDI","URBANA","MASCULINO","1"
"2023-07-04T00:00:00.000","76","VALLE DEL CAUCA","76364","JAMUNDI","URBANA","FEMENINO","1"
"2023-07-05T00:00:00.000","76","VALLE DEL CAUCA","76364","JAMUNDI","URBANA","FEMENINO","1"
"2023-07-27T00:00:00.000","76","VALLE DEL CAUCA","76364","JAMUNDI","URBANA","FEMENINO","1"
"2023-07-27T00:00:00.000","76","VALLE DEL CAUCA","76364","JAMUNDI","URBANA","MASCULINO","1"
"2023-08-05T00:00:00.000","76","VALLE DEL CAUCA","76364","JAMUNDI","URBANA","FEMENINO","1"
"2023-08-15T00:00:00.000","76","VALLE DEL CAUCA","76364","JAMUNDI","URBANA","FEMENINO","1"
"2023-08-15T00:00:00.000","76","VALLE DEL CAUCA","76364","JAMUNDI","URBANA","FEMENINO","1"
"2023-08-16T00:00:00.000","76","VALLE DEL CAUCA","76364","JAMUNDI","URBANA","FEMENINO","1"
"2023-08-26T00:00:00.000","76","VALLE DEL CAUCA","76364","JAMUNDI","URBANA","FEMENINO","1"
"2023-08-28T00:00:00.000","76","VALLE DEL CAUCA","76364","JAMUNDI","URBANA","FEMENINO","1"
"2023-09-04T00:00:00.000","76","VALLE DEL CAUCA","76364","JAMUNDI","URBANA","FEMENINO","1"
"2023-09-08T00:00:00.000","76","VALLE DEL CAUCA","76364","JAMUNDI","URBANA","FEMENINO","1"
"2023-09-10T00:00:00.000","76","VALLE DEL CAUCA","76364","JAMUNDI","URBANA","FEMENINO","1"
"2023-09-11T00:00:00.000","76","VALLE DEL CAUCA","76364","JAMUNDI","URBANA","FEMENINO","1"
"2023-09-16T00:00:00.000","76","VALLE DEL CAUCA","76364","JAMUNDI","URBANA","FEMENINO","1"
"2023-09-20T00:00:00.000","76","VALLE DEL CAUCA","76364","JAMUNDI","URBANA","FEMENINO","1"
"2023-09-24T00:00:00.000","76","VALLE DEL CAUCA","76364","JAMUNDI","URBANA","FEMENINO","1"
"2023-09-29T00:00:00.000","76","VALLE DEL CAUCA","76364","JAMUNDI","URBANA","FEMENINO","1"
"2023-10-05T00:00:00.000","76","VALLE DEL CAUCA","76364","JAMUNDI","URBANA","FEMENINO","1"
"2023-10-12T00:00:00.000","76","VALLE DEL CAUCA","76364","JAMUNDI","URBANA","MASCULINO","1"
"2023-10-12T00:00:00.000","76","VALLE DEL CAUCA","76364","JAMUNDI","RURAL","FEMENINO","1"
"2023-10-13T00:00:00.000","76","VALLE DEL CAUCA","76364","JAMUNDI","URBANA","FEMENINO","1"
"2023-10-14T00:00:00.000","76","VALLE DEL CAUCA","76364","JAMUNDI","URBANA","FEMENINO","1"
"2023-10-14T00:00:00.000","76","VALLE DEL CAUCA","76364","JAMUNDI","URBANA","MASCULINO","1"
"2023-10-16T00:00:00.000","76","VALLE DEL CAUCA","76364","JAMUNDI","URBANA","FEMENINO","1"
"2023-10-22T00:00:00.000","76","VALLE DEL CAUCA","76364","JAMUNDI","URBANA","FEMENINO","1"
"2023-10-22T00:00:00.000","76","VALLE DEL CAUCA","76364","JAMUNDI","URBANA","FEMENINO","1"
"2023-10-26T00:00:00.000","76","VALLE DEL CAUCA","76364","JAMUNDI","URBANA","FEMENINO","1"
"2023-10-30T00:00:00.000","76","VALLE DEL CAUCA","76364","JAMUNDI","URBANA","FEMENINO","1"
"2023-11-16T00:00:00.000","76","VALLE DEL CAUCA","76364","JAMUNDI","URBANA","FEMENINO","1"
"2023-11-16T00:00:00.000","76","VALLE DEL CAUCA","76364","JAMUNDI","URBANA","MASCULINO","1"
"2023-11-19T00:00:00.000","76","VALLE DEL CAUCA","76364","JAMUNDI","URBANA","FEMENINO","1"
"2023-11-19T00:00:00.000","76","VALLE DEL CAUCA","76364","JAMUNDI","URBANA","FEMENINO","1"
"2023-11-24T00:00:00.000","76","VALLE DEL CAUCA","76364","JAMUNDI","URBANA","FEMENINO","1"
"2023-11-28T00:00:00.000","76","VALLE DEL CAUCA","76364","JAMUNDI","URBANA","FEMENINO","1"
"2023-12-01T00:00:00.000","76","VALLE DEL CAUCA","76364","JAMUNDI","URBANA","FEMENINO","1"
"2023-12-04T00:00:00.000","76","VALLE DEL CAUCA","76364","JAMUNDI","URBANA","FEMENINO","1"
"2023-12-05T00:00:00.000","76","VALLE DEL CAUCA","76364","JAMUNDI","URBANA","FEMENINO","1"
"2023-12-09T00:00:00.000","76","VALLE DEL CAUCA","76364","JAMUNDI","URBANA","MASCULINO","1"
"2023-12-26T00:00:00.000","76","VALLE DEL CAUCA","76364","JAMUNDI","URBANA","FEMENINO","1"
"2023-12-30T00:00:00.000","76","VALLE DEL CAUCA","76364","JAMUNDI","URBANA","FEMENINO","1"
"2024-01-07T00:00:00.000","76","VALLE DEL CAUCA","76364","JAMUNDI","URBANA","FEMENINO","1"
"2024-01-08T00:00:00.000","76","VALLE DEL CAUCA","76364","JAMUNDI","URBANA","FEMENINO","1"
"2024-01-18T00:00:00.000","76","VALLE DEL CAUCA","76364","JAMUNDI","URBANA","MASCULINO","1"
"2024-01-26T00:00:00.000","76","VALLE DEL CAUCA","76364","JAMUNDI","URBANA","FEMENINO","1"
"2024-01-30T00:00:00.000","76","VALLE DEL CAUCA","76364","JAMUNDI","URBANA","FEMENINO","1"
