"fecha_hecho","cod_depto","departamento","cod_muni","municipio","cantidad"
"2003-02-07T00:00:00.000","76","VALLE DEL CAUCA","76364","JAMUNDI","1"
"2004-01-01T00:00:00.000","76","VALLE DEL CAUCA","76364","JAMUNDI","1"
"2004-01-18T00:00:00.000","76","VALLE DEL CAUCA","76364","JAMUNDI","1"
"2004-03-11T00:00:00.000","76","VALLE DEL CAUCA","76364","JAMUNDI","1"
"2004-07-23T00:00:00.000","76","VALLE DEL CAUCA","76364","JAMUNDI","1"
"2004-10-08T00:00:00.000","76","VALLE DEL CAUCA","76364","JAMUNDI","1"
"2005-01-04T00:00:00.000","76","VALLE DEL CAUCA","76364","JAMUNDI","1"
"2005-01-05T00:00:00.000","76","VALLE DEL CAUCA","76364","JAMUNDI","1"
"2005-01-16T00:00:00.000","76","VALLE DEL CAUCA","76364","JAMUNDI","1"
"2005-01-17T00:00:00.000","76","VALLE DEL CAUCA","76364","JAMUNDI","1"
"2005-01-27T00:00:00.000","76","VALLE DEL CAUCA","76364","JAMUNDI","1"
"2005-02-01T00:00:00.000","76","VALLE DEL CAUCA","76364","JAMUNDI","1"
"2005-02-13T00:00:00.000","76","VALLE DEL CAUCA","76364","JAMUNDI","1"
"2005-02-14T00:00:00.000","76","VALLE DEL CAUCA","76364","JAMUNDI","1"
"2005-02-16T00:00:00.000","76","VALLE DEL CAUCA","76364","JAMUNDI","1"
"2005-02-17T00:00:00.000","76","VALLE DEL CAUCA","76364","JAMUNDI","1"
"2005-03-05T00:00:00.000","76","VALLE DEL CAUCA","76364","JAMUNDI","1"
"2005-03-09T00:00:00.000","76","VALLE DEL CAUCA","76364","JAMUNDI","1"
"2005-03-16T00:00:00.000","76","VALLE DEL CAUCA","76364","JAMUNDI","1"
"2005-04-15T00:00:00.000","76","VALLE DEL CAUCA","76364","JAMUNDI","1"
"2005-04-24T00:00:00.000","76","VALLE DEL CAUCA","76364","JAMUNDI","1"
"2005-04-25T00:00:00.000","76","VALLE DEL CAUCA","76364","JAMUNDI","1"
"2005-05-01T00:00:00.000","76","VALLE DEL CAUCA","76364","JAMUNDI","1"
"2005-06-17T00:00:00.000","76","VALLE DEL CAUCA","76364","JAMUNDI","1"
"2005-06-30T00:00:00.000","76","VALLE DEL CAUCA","76364","JAMUNDI","1"
"2005-07-18T00:00:00.000","76","VALLE DEL CAUCA","76364","JAMUNDI","1"
"2005-09-11T00:00:00.000","76","VALLE DEL CAUCA","76364","JAMUNDI","1"
"2005-10-07T00:00:00.000","76","VALLE DEL CAUCA","76364","JAMUNDI","1"
"2005-10-12T00:00:00.000","76","VALLE DEL CAUCA","76364","JAMUNDI","1"
"2005-11-04T00:00:00.000","76","VALLE DEL CAUCA","76364","JAMUNDI","1"
"2005-12-16T00:00:00.000","76","VALLE DEL CAUCA","76364","JAMUNDI","1"
"2006-01-06T00:00:00.000","76","VALLE DEL CAUCA","76364","JAMUNDI","2"
"2006-01-10T00:00:00.000","76","VALLE DEL CAUCA","76364","JAMUNDI","1"
"2006-01-11T00:00:00.000","76","VALLE DEL CAUCA","76364","JAMUNDI","2"
"2006-01-15T00:00:00.000","76","VALLE DEL CAUCA","76364","JAMUNDI","1"
"2006-01-17T00:00:00.000","76","VALLE DEL CAUCA","76364","JAMUNDI","1"
"2006-01-22T00:00:00.000","76","VALLE DEL CAUCA","76364","JAMUNDI","1"
"2006-02-14T00:00:00.000","76","VALLE DEL CAUCA","76364","JAMUNDI","1"
"2006-02-15T00:00:00.000","76","VALLE DEL CAUCA","76364","JAMUNDI","1"
"2006-02-16T00:00:00.000","76","VALLE DEL CAUCA","76364","JAMUNDI","1"
"2006-02-21T00:00:00.000","76","VALLE DEL CAUCA","76364","JAMUNDI","1"
"2006-02-22T00:00:00.000","76","VALLE DEL CAUCA","76364","JAMUNDI","1"
"2006-02-24T00:00:00.000","76","VALLE DEL CAUCA","76364","JAMUNDI","1"
"2006-02-28T00:00:00.000","76","VALLE DEL CAUCA","76364","JAMUNDI","1"
"2006-03-01T00:00:00.000","76","VALLE DEL CAUCA","76364","JAMUNDI","1"
"2006-03-02T00:00:00.000","76","VALLE DEL CAUCA","76364","JAMUNDI","1"
"2006-03-04T00:00:00.000","76","VALLE DEL CAUCA","76364","JAMUNDI","1"
"2006-03-05T00:00:00.000","76","VALLE DEL CAUCA","76364","JAMUNDI","2"
"2006-03-25T00:00:00.000","76","VALLE DEL CAUCA","76364","JAMUNDI","1"
"2006-03-29T00:00:00.000","76","VALLE DEL CAUCA","76364","JAMUNDI","1"
"2006-03-31T00:00:00.000","76","VALLE DEL CAUCA","76364","JAMUNDI","1"
"2006-04-01T00:00:00.000","76","VALLE DEL CAUCA","76364","JAMUNDI","2"
"2006-04-03T00:00:00.000","76","VALLE DEL CAUCA","76364","JAMUNDI","2"
"2006-04-09T00:00:00.000","76","VALLE DEL CAUCA","76364","JAMUNDI","2"
"2006-04-10T00:00:00.000","76","VALLE DEL CAUCA","76364","JAMUNDI","2"
"2006-04-17T00:00:00.000","76","VALLE DEL CAUCA","76364","JAMUNDI","2"
"2006-04-20T00:00:00.000","76","VALLE DEL CAUCA","76364","JAMUNDI","1"
"2006-04-23T00:00:00.000","76","VALLE DEL CAUCA","76364","JAMUNDI","1"
"2006-04-25T00:00:00.000","76","VALLE DEL CAUCA","76364","JAMUNDI","1"
"2006-05-01T00:00:00.000","76","VALLE DEL CAUCA","76364","JAMUNDI","1"
"2006-05-19T00:00:00.000","76","VALLE DEL CAUCA","76364","JAMUNDI","3"
"2006-05-20T00:00:00.000","76","VALLE DEL CAUCA","76364","JAMUNDI","1"
"2006-05-23T00:00:00.000","76","VALLE DEL CAUCA","76364","JAMUNDI","1"
"2006-05-24T00:00:00.000","76","VALLE DEL CAUCA","76364","JAMUNDI","1"
"2006-05-30T00:00:00.000","76","VALLE DEL CAUCA","76364","JAMUNDI","2"
"2006-06-03T00:00:00.000","76","VALLE DEL CAUCA","76364","JAMUNDI","1"
"2006-06-08T00:00:00.000","76","VALLE DEL CAUCA","76364","JAMUNDI","1"
"2006-06-11T00:00:00.000","76","VALLE DEL CAUCA","76364","JAMUNDI","1"
"2006-06-24T00:00:00.000","76","VALLE DEL CAUCA","76364","JAMUNDI","1"
"2006-06-28T00:00:00.000","76","VALLE DEL CAUCA","76364","JAMUNDI","1"
"2006-07-02T00:00:00.000","76","VALLE DEL CAUCA","76364","JAMUNDI","1"
"2006-07-03T00:00:00.000","76","VALLE DEL CAUCA","76364","JAMUNDI","2"
"2006-07-04T00:00:00.000","76","VALLE DEL CAUCA","76364","JAMUNDI","1"
"2006-07-11T00:00:00.000","76","VALLE DEL CAUCA","76364","JAMUNDI","1"
"2006-07-22T00:00:00.000","76","VALLE DEL CAUCA","76364","JAMUNDI","1"
"2006-07-25T00:00:00.000","76","VALLE DEL CAUCA","76364","JAMUNDI","1"
"2006-07-27T00:00:00.000","76","VALLE DEL CAUCA","76364","JAMUNDI","1"
"2006-08-03T00:00:00.000","76","VALLE DEL CAUCA","76364","JAMUNDI","1"
"2006-08-09T00:00:00.000","76","VALLE DEL CAUCA","76364","JAMUNDI","3"
"2006-08-11T00:00:00.000","76","VALLE DEL CAUCA","76364","JAMUNDI","1"
"2006-08-12T00:00:00.000","76","VALLE DEL CAUCA","76364","JAMUNDI","1"
"2006-08-15T00:00:00.000","76","VALLE DEL CAUCA","76364","JAMUNDI","1"
"2006-08-25T00:00:00.000","76","VALLE DEL CAUCA","76364","JAMUNDI","1"
"2006-08-26T00:00:00.000","76","VALLE DEL CAUCA","76364","JAMUNDI","1"
"2006-09-02T00:00:00.000","76","VALLE DEL CAUCA","76364","JAMUNDI","1"
"2006-09-03T00:00:00.000","76","VALLE DEL CAUCA","76364","JAMUNDI","2"
"2006-09-05T00:00:00.000","76","VALLE DEL CAUCA","76364","JAMUNDI","2"
"2006-09-09T00:00:00.000","76","VALLE DEL CAUCA","76364","JAMUNDI","1"
"2006-09-12T00:00:00.000","76","VALLE DEL CAUCA","76364","JAMUNDI","1"
"2006-09-14T00:00:00.000","76","VALLE DEL CAUCA","76364","JAMUNDI","1"
"2006-09-20T00:00:00.000","76","VALLE DEL CAUCA","76364","JAMUNDI","2"
"2006-09-21T00:00:00.000","76","VALLE DEL CAUCA","76364","JAMUNDI","1"
"2006-09-23T00:00:00.000","76","VALLE DEL CAUCA","76364","JAMUNDI","1"
"2006-09-24T00:00:00.000","76","VALLE DEL CAUCA","76364","JAMUNDI","1"
"2006-09-27T00:00:00.000","76","VALLE DEL CAUCA","76364","JAMUNDI","1"
"2006-09-29T00:00:00.000","76","VALLE DEL CAUCA","76364","JAMUNDI","1"
"2006-09-30T00:00:00.000","76","VALLE DEL CAUCA","76364","JAMUNDI","1"
"2006-10-04T00:00:00.000","76","VALLE DEL CAUCA","76364","JAMUNDI","1"
"2006-10-05T00:00:00.000","76","VALLE DEL CAUCA","76364","JAMUNDI","1"
"2006-10-08T00:00:00.000","76","VALLE DEL CAUCA","76364","JAMUNDI","1"
"2006-10-10T00:00:00.000","76","VALLE DEL CAUCA","76364","JAMUNDI","1"
"2006-10-14T00:00:00.000","76","VALLE DEL CAUCA","76364","JAMUNDI","2"
"2006-10-20T00:00:00.000","76","VALLE DEL CAUCA","76364","JAMUNDI","1"
"2006-10-21T00:00:00.000","76","VALLE DEL CAUCA","76364","JAMUNDI","1"
"2006-10-22T00:00:00.000","76","VALLE DEL CAUCA","76364","JAMUNDI","1"
"2006-10-23T00:00:00.000","76","VALLE DEL CAUCA","76364","JAMUNDI","1"
"2006-10-26T00:00:00.000","76","VALLE DEL CAUCA","76364","JAMUNDI","1"
"2006-10-28T00:00:00.000","76","VALLE DEL CAUCA","76364","JAMUNDI","1"
"2006-11-02T00:00:00.000","76","VALLE DEL CAUCA","76364","JAMUNDI","1"
"2006-11-03T00:00:00.000","76","VALLE DEL CAUCA","76364","JAMUNDI","2"
"2006-11-08T00:00:00.000","76","VALLE DEL CAUCA","76364","JAMUNDI","3"
"2006-11-11T00:00:00.000","76","VALLE DEL CAUCA","76364","JAMUNDI","1"
"2006-11-16T00:00:00.000","76","VALLE DEL CAUCA","76364","JAMUNDI","1"
"2006-11-18T00:00:00.000","76","VALLE DEL CAUCA","76364","JAMUNDI","1"
"2006-11-23T00:00:00.000","76","VALLE DEL CAUCA","76364","JAMUNDI","1"
"2006-12-06T00:00:00.000","76","VALLE DEL CAUCA","76364","JAMUNDI","1"
"2006-12-14T00:00:00.000","76","VALLE DEL CAUCA","76364","JAMUNDI","1"
"2006-12-15T00:00:00.000","76","VALLE DEL CAUCA","76364","JAMUNDI","1"
"2006-12-16T00:00:00.000","76","VALLE DEL CAUCA","76364","JAMUNDI","1"
"2006-12-18T00:00:00.000","76","VALLE DEL CAUCA","76364","JAMUNDI","1"
"2006-12-19T00:00:00.000","76","VALLE DEL CAUCA","76364","JAMUNDI","1"
"2007-01-02T00:00:00.000","76","VALLE DEL CAUCA","76364","JAMUNDI","3"
"2007-01-03T00:00:00.000","76","VALLE DEL CAUCA","76364","JAMUNDI","2"
"2007-01-10T00:00:00.000","76","VALLE DEL CAUCA","76364","JAMUNDI","1"
"2007-01-11T00:00:00.000","76","VALLE DEL CAUCA","76364","JAMUNDI","1"
"2007-01-15T00:00:00.000","76","VALLE DEL CAUCA","76364","JAMUNDI","1"
"2007-01-17T00:00:00.000","76","VALLE DEL CAUCA","76364","JAMUNDI","2"
"2007-01-19T00:00:00.000","76","VALLE DEL CAUCA","76364","JAMUNDI","1"
"2007-01-20T00:00:00.000","76","VALLE DEL CAUCA","76364","JAMUNDI","3"
"2007-01-21T00:00:00.000","76","VALLE DEL CAUCA","76364","JAMUNDI","1"
"2007-01-23T00:00:00.000","76","VALLE DEL CAUCA","76364","JAMUNDI","3"
"2007-01-24T00:00:00.000","76","VALLE DEL CAUCA","76364","JAMUNDI","1"
"2007-01-26T00:00:00.000","76","VALLE DEL CAUCA","76364","JAMUNDI","2"
"2007-02-06T00:00:00.000","76","VALLE DEL CAUCA","76364","JAMUNDI","1"
"2007-02-07T00:00:00.000","76","VALLE DEL CAUCA","76364","JAMUNDI","1"
"2007-02-09T00:00:00.000","76","VALLE DEL CAUCA","76364","JAMUNDI","2"
"2007-02-10T00:00:00.000","76","VALLE DEL CAUCA","76364","JAMUNDI","1"
"2007-02-11T00:00:00.000","76","VALLE DEL CAUCA","76364","JAMUNDI","1"
"2007-02-14T00:00:00.000","76","VALLE DEL CAUCA","76364","JAMUNDI","1"
"2007-02-16T00:00:00.000","76","VALLE DEL CAUCA","76364","JAMUNDI","1"
"2007-02-19T00:00:00.000","76","VALLE DEL CAUCA","76364","JAMUNDI","1"
"2007-03-01T00:00:00.000","76","VALLE DEL CAUCA","76364","JAMUNDI","1"
"2007-03-10T00:00:00.000","76","VALLE DEL CAUCA","76364","JAMUNDI","1"
"2007-03-17T00:00:00.000","76","VALLE DEL CAUCA","76364","JAMUNDI","1"
"2007-03-20T00:00:00.000","76","VALLE DEL CAUCA","76364","JAMUNDI","1"
"2007-03-27T00:00:00.000","76","VALLE DEL CAUCA","76364","JAMUNDI","1"
"2007-04-13T00:00:00.000","76","VALLE DEL CAUCA","76364","JAMUNDI","1"
"2007-04-28T00:00:00.000","76","VALLE DEL CAUCA","76364","JAMUNDI","1"
"2007-05-04T00:00:00.000","76","VALLE DEL CAUCA","76364","JAMUNDI","1"
"2007-05-13T00:00:00.000","76","VALLE DEL CAUCA","76364","JAMUNDI","1"
"2007-05-14T00:00:00.000","76","VALLE DEL CAUCA","76364","JAMUNDI","1"
"2007-05-19T00:00:00.000","76","VALLE DEL CAUCA","76364","JAMUNDI","1"
"2007-05-25T00:00:00.000","76","VALLE DEL CAUCA","76364","JAMUNDI","1"
"2007-05-28T00:00:00.000","76","VALLE DEL CAUCA","76364","JAMUNDI","1"
"2007-06-06T00:00:00.000","76","VALLE DEL CAUCA","76364","JAMUNDI","2"
"2007-06-07T00:00:00.000","76","VALLE DEL CAUCA","76364","JAMUNDI","1"
"2007-06-12T00:00:00.000","76","VALLE DEL CAUCA","76364","JAMUNDI","1"
"2007-07-06T00:00:00.000","76","VALLE DEL CAUCA","76364","JAMUNDI","1"
"2007-07-11T00:00:00.000","76","VALLE DEL CAUCA","76364","JAMUNDI","2"
"2007-07-26T00:00:00.000","76","VALLE DEL CAUCA","76364","JAMUNDI","1"
"2007-07-27T00:00:00.000","76","VALLE DEL CAUCA","76364","JAMUNDI","2"
"2007-08-08T00:00:00.000","76","VALLE DEL CAUCA","76364","JAMUNDI","1"
"2007-08-09T00:00:00.000","76","VALLE DEL CAUCA","76364","JAMUNDI","2"
"2007-08-11T00:00:00.000","76","VALLE DEL CAUCA","76364","JAMUNDI","1"
"2007-08-14T00:00:00.000","76","VALLE DEL CAUCA","76364","JAMUNDI","1"
"2007-08-17T00:00:00.000","76","VALLE DEL CAUCA","76364","JAMUNDI","2"
"2007-08-25T00:00:00.000","76","VALLE DEL CAUCA","76364","JAMUNDI","2"
"2007-08-28T00:00:00.000","76","VALLE DEL CAUCA","76364","JAMUNDI","1"
"2007-08-31T00:00:00.000","76","VALLE DEL CAUCA","76364","JAMUNDI","1"
"2007-09-01T00:00:00.000","76","VALLE DEL CAUCA","76364","JAMUNDI","1"
"2007-09-03T00:00:00.000","76","VALLE DEL CAUCA","76364","JAMUNDI","1"
"2007-09-05T00:00:00.000","76","VALLE DEL CAUCA","76364","JAMUNDI","1"
"2007-09-10T00:00:00.000","76","VALLE DEL CAUCA","76364","JAMUNDI","1"
"2007-09-12T00:00:00.000","76","VALLE DEL CAUCA","76364","JAMUNDI","1"
"2007-09-14T00:00:00.000","76","VALLE DEL CAUCA","76364","JAMUNDI","1"
"2007-09-16T00:00:00.000","76","VALLE DEL CAUCA","76364","JAMUNDI","2"
"2007-10-04T00:00:00.000","76","VALLE DEL CAUCA","76364","JAMUNDI","1"
"2007-10-20T00:00:00.000","76","VALLE DEL CAUCA","76364","JAMUNDI","1"
"2007-10-25T00:00:00.000","76","VALLE DEL CAUCA","76364","JAMUNDI","1"
"2007-10-27T00:00:00.000","76","VALLE DEL CAUCA","76364","JAMUNDI","1"
"2007-11-10T00:00:00.000","76","VALLE DEL CAUCA","76364","JAMUNDI","1"
"2007-11-24T00:00:00.000","76","VALLE DEL CAUCA","76364","JAMUNDI","1"
"2007-11-26T00:00:00.000","76","VALLE DEL CAUCA","76364","JAMUNDI","1"
"2007-11-27T00:00:00.000","76","VALLE DEL CAUCA","76364","JAMUNDI","1"
"2007-12-17T00:00:00.000","76","VALLE DEL CAUCA","76364","JAMUNDI","1"
"2007-12-21T00:00:00.000","76","VALLE DEL CAUCA","76364","JAMUNDI","2"
"2008-01-02T00:00:00.000","76","VALLE DEL CAUCA","76364","JAMUNDI","1"
"2009-01-01T00:00:00.000","76","VALLE DEL CAUCA","76364","JAMUNDI","2"
"2009-01-03T00:00:00.000","76","VALLE DEL CAUCA","76364","JAMUNDI","1"
"2009-01-06T00:00:00.000","76","VALLE DEL CAUCA","76364","JAMUNDI","1"
"2009-01-08T00:00:00.000","76","VALLE DEL CAUCA","76364","JAMUNDI","1"
"2009-01-09T00:00:00.000","76","VALLE DEL CAUCA","76364","JAMUNDI","1"
"2009-01-12T00:00:00.000","76","VALLE DEL CAUCA","76364","JAMUNDI","2"
"2009-01-15T00:00:00.000","76","VALLE DEL CAUCA","76364","JAMUNDI","2"
"2009-01-16T00:00:00.000","76","VALLE DEL CAUCA","76364","JAMUNDI","1"
"2009-01-17T00:00:00.000","76","VALLE DEL CAUCA","76364","JAMUNDI","3"
"2009-01-19T00:00:00.000","76","VALLE DEL CAUCA","76364","JAMUNDI","2"
"2009-01-21T00:00:00.000","76","VALLE DEL CAUCA","76364","JAMUNDI","1"
"2009-01-23T00:00:00.000","76","VALLE DEL CAUCA","76364","JAMUNDI","1"
"2009-01-24T00:00:00.000","76","VALLE DEL CAUCA","76364","JAMUNDI","1"
"2009-01-26T00:00:00.000","76","VALLE DEL CAUCA","76364","JAMUNDI","1"
"2009-01-27T00:00:00.000","76","VALLE DEL CAUCA","76364","JAMUNDI","1"
"2009-01-31T00:00:00.000","76","VALLE DEL CAUCA","76364","JAMUNDI","1"
"2009-02-14T00:00:00.000","76","VALLE DEL CAUCA","76364","JAMUNDI","1"
"2009-02-18T00:00:00.000","76","VALLE DEL CAUCA","76364","JAMUNDI","1"
"2009-02-20T00:00:00.000","76","VALLE DEL CAUCA","76364","JAMUNDI","2"
"2009-02-21T00:00:00.000","76","VALLE DEL CAUCA","76364","JAMUNDI","1"
"2009-02-22T00:00:00.000","76","VALLE DEL CAUCA","76364","JAMUNDI","1"
"2009-02-25T00:00:00.000","76","VALLE DEL CAUCA","76364","JAMUNDI","4"
"2009-02-27T00:00:00.000","76","VALLE DEL CAUCA","76364","JAMUNDI","1"
"2009-03-02T00:00:00.000","76","VALLE DEL CAUCA","76364","JAMUNDI","3"
"2009-03-05T00:00:00.000","76","VALLE DEL CAUCA","76364","JAMUNDI","1"
"2009-03-06T00:00:00.000","76","VALLE DEL CAUCA","76364","JAMUNDI","2"
"2009-03-09T00:00:00.000","76","VALLE DEL CAUCA","76364","JAMUNDI","1"
"2009-03-10T00:00:00.000","76","VALLE DEL CAUCA","76364","JAMUNDI","1"
"2009-03-12T00:00:00.000","76","VALLE DEL CAUCA","76364","JAMUNDI","1"
"2009-03-15T00:00:00.000","76","VALLE DEL CAUCA","76364","JAMUNDI","1"
"2009-03-17T00:00:00.000","76","VALLE DEL CAUCA","76364","JAMUNDI","1"
"2009-03-18T00:00:00.000","76","VALLE DEL CAUCA","76364","JAMUNDI","1"
"2009-03-19T00:00:00.000","76","VALLE DEL CAUCA","76364","JAMUNDI","2"
"2009-03-24T00:00:00.000","76","VALLE DEL CAUCA","76364","JAMUNDI","2"
"2009-03-25T00:00:00.000","76","VALLE DEL CAUCA","76364","JAMUNDI","1"
"2009-03-28T00:00:00.000","76","VALLE DEL CAUCA","76364","JAMUNDI","1"
"2009-03-29T00:00:00.000","76","VALLE DEL CAUCA","76364","JAMUNDI","1"
"2009-03-31T00:00:00.000","76","VALLE DEL CAUCA","76364","JAMUNDI","1"
"2009-04-01T00:00:00.000","76","VALLE DEL CAUCA","76364","JAMUNDI","1"
"2009-04-06T00:00:00.000","76","VALLE DEL CAUCA","76364","JAMUNDI","1"
"2009-04-08T00:00:00.000","76","VALLE DEL CAUCA","76364","JAMUNDI","2"
"2009-04-10T00:00:00.000","76","VALLE DEL CAUCA","76364","JAMUNDI","2"
"2009-04-13T00:00:00.000","76","VALLE DEL CAUCA","76364","JAMUNDI","1"
"2009-04-14T00:00:00.000","76","VALLE DEL CAUCA","76364","JAMUNDI","1"
"2009-04-15T00:00:00.000","76","VALLE DEL CAUCA","76364","JAMUNDI","1"
"2009-04-21T00:00:00.000","76","VALLE DEL CAUCA","76364","JAMUNDI","1"
"2009-04-22T00:00:00.000","76","VALLE DEL CAUCA","76364","JAMUNDI","1"
"2009-04-24T00:00:00.000","76","VALLE DEL CAUCA","76364","JAMUNDI","1"
"2009-04-25T00:00:00.000","76","VALLE DEL CAUCA","76364","JAMUNDI","1"
"2009-04-27T00:00:00.000","76","VALLE DEL CAUCA","76364","JAMUNDI","1"
"2009-04-28T00:00:00.000","76","VALLE DEL CAUCA","76364","JAMUNDI","1"
"2009-04-29T00:00:00.000","76","VALLE DEL CAUCA","76364","JAMUNDI","1"
"2009-04-30T00:00:00.000","76","VALLE DEL CAUCA","76364","JAMUNDI","1"
"2009-05-05T00:00:00.000","76","VALLE DEL CAUCA","76364","JAMUNDI","1"
"2009-05-07T00:00:00.000","76","VALLE DEL CAUCA","76364","JAMUNDI","1"
"2009-05-13T00:00:00.000","76","VALLE DEL CAUCA","76364","JAMUNDI","2"
"2009-05-15T00:00:00.000","76","VALLE DEL CAUCA","76364","JAMUNDI","1"
"2009-05-16T00:00:00.000","76","VALLE DEL CAUCA","76364","JAMUNDI","2"
"2009-05-17T00:00:00.000","76","VALLE DEL CAUCA","76364","JAMUNDI","1"
"2009-05-18T00:00:00.000","76","VALLE DEL CAUCA","76364","JAMUNDI","1"
"2009-05-20T00:00:00.000","76","VALLE DEL CAUCA","76364","JAMUNDI","1"
"2009-05-26T00:00:00.000","76","VALLE DEL CAUCA","76364","JAMUNDI","1"
"2009-05-28T00:00:00.000","76","VALLE DEL CAUCA","76364","JAMUNDI","1"
"2009-05-29T00:00:00.000","76","VALLE DEL CAUCA","76364","JAMUNDI","1"
"2009-05-30T00:00:00.000","76","VALLE DEL CAUCA","76364","JAMUNDI","1"
"2009-05-31T00:00:00.000","76","VALLE DEL CAUCA","76364","JAMUNDI","1"
"2009-06-01T00:00:00.000","76","VALLE DEL CAUCA","76364","JAMUNDI","1"
"2009-06-02T00:00:00.000","76","VALLE DEL CAUCA","76364","JAMUNDI","2"
"2009-06-06T00:00:00.000","76","VALLE DEL CAUCA","76364","JAMUNDI","1"
"2009-06-16T00:00:00.000","76","VALLE DEL CAUCA","76364","JAMUNDI","1"
"2009-06-25T00:00:00.000","76","VALLE DEL CAUCA","76364","JAMUNDI","2"
"2009-06-30T00:00:00.000","76","VALLE DEL CAUCA","76364","JAMUNDI","1"
"2009-07-04T00:00:00.000","76","VALLE DEL CAUCA","76364","JAMUNDI","1"
"2009-07-08T00:00:00.000","76","VALLE DEL CAUCA","76364","JAMUNDI","1"
"2009-07-11T00:00:00.000","76","VALLE DEL CAUCA","76364","JAMUNDI","1"
"2009-07-14T00:00:00.000","76","VALLE DEL CAUCA","76364","JAMUNDI","1"
"2009-07-15T00:00:00.000","76","VALLE DEL CAUCA","76364","JAMUNDI","1"
"2009-07-21T00:00:00.000","76","VALLE DEL CAUCA","76364","JAMUNDI","1"
"2009-07-27T00:00:00.000","76","VALLE DEL CAUCA","76364","JAMUNDI","1"
"2009-07-28T00:00:00.000","76","VALLE DEL CAUCA","76364","JAMUNDI","1"
"2009-07-29T00:00:00.000","76","VALLE DEL CAUCA","76364","JAMUNDI","1"
"2009-07-30T00:00:00.000","76","VALLE DEL CAUCA","76364","JAMUNDI","2"
"2009-08-05T00:00:00.000","76","VALLE DEL CAUCA","76364","JAMUNDI","1"
"2009-08-13T00:00:00.000","76","VALLE DEL CAUCA","76364","JAMUNDI","1"
"2009-08-15T00:00:00.000","76","VALLE DEL CAUCA","76364","JAMUNDI","2"
"2009-08-20T00:00:00.000","76","VALLE DEL CAUCA","76364","JAMUNDI","1"
"2009-08-21T00:00:00.000","76","VALLE DEL CAUCA","76364","JAMUNDI","1"
"2009-08-23T00:00:00.000","76","VALLE DEL CAUCA","76364","JAMUNDI","1"
"2009-08-30T00:00:00.000","76","VALLE DEL CAUCA","76364","JAMUNDI","3"
"2009-09-03T00:00:00.000","76","VALLE DEL CAUCA","76364","JAMUNDI","1"
"2009-09-05T00:00:00.000","76","VALLE DEL CAUCA","76364","JAMUNDI","1"
"2009-09-07T00:00:00.000","76","VALLE DEL CAUCA","76364","JAMUNDI","1"
"2009-09-10T00:00:00.000","76","VALLE DEL CAUCA","76364","JAMUNDI","1"
"2009-09-11T00:00:00.000","76","VALLE DEL CAUCA","76364","JAMUNDI","2"
"2009-09-15T00:00:00.000","76","VALLE DEL CAUCA","76364","JAMUNDI","1"
"2009-09-16T00:00:00.000","76","VALLE DEL CAUCA","76364","JAMUNDI","1"
"2009-09-25T00:00:00.000","76","VALLE DEL CAUCA","76364","JAMUNDI","1"
"2009-09-28T00:00:00.000","76","VALLE DEL CAUCA","76364","JAMUNDI","2"
"2009-09-30T00:00:00.000","76","VALLE DEL CAUCA","76364","JAMUNDI","2"
"2009-10-01T00:00:00.000","76","VALLE DEL CAUCA","76364","JAMUNDI","1"
"2009-10-02T00:00:00.000","76","VALLE DEL CAUCA","76364","JAMUNDI","3"
"2009-10-05T00:00:00.000","76","VALLE DEL CAUCA","76364","JAMUNDI","1"
"2009-10-10T00:00:00.000","76","VALLE DEL CAUCA","76364","JAMUNDI","1"
"2009-10-15T00:00:00.000","76","VALLE DEL CAUCA","76364","JAMUNDI","1"
"2009-10-16T00:00:00.000","76","VALLE DEL CAUCA","76364","JAMUNDI","2"
"2009-10-17T00:00:00.000","76","VALLE DEL CAUCA","76364","JAMUNDI","1"
"2009-10-19T00:00:00.000","76","VALLE DEL CAUCA","76364","JAMUNDI","3"
"2009-10-22T00:00:00.000","76","VALLE DEL CAUCA","76364","JAMUNDI","1"
"2009-10-30T00:00:00.000","76","VALLE DEL CAUCA","76364","JAMUNDI","1"
"2009-10-31T00:00:00.000","76","VALLE DEL CAUCA","76364","JAMUNDI","1"
"2009-11-02T00:00:00.000","76","VALLE DEL CAUCA","76364","JAMUNDI","2"
"2009-11-03T00:00:00.000","76","VALLE DEL CAUCA","76364","JAMUNDI","2"
"2009-11-06T00:00:00.000","76","VALLE DEL CAUCA","76364","JAMUNDI","1"
"2009-11-08T00:00:00.000","76","VALLE DEL CAUCA","76364","JAMUNDI","1"
"2009-11-09T00:00:00.000","76","VALLE DEL CAUCA","76364","JAMUNDI","1"
"2009-11-12T00:00:00.000","76","VALLE DEL CAUCA","76364","JAMUNDI","1"
"2009-11-13T00:00:00.000","76","VALLE DEL CAUCA","76364","JAMUNDI","1"
"2009-11-14T00:00:00.000","76","VALLE DEL CAUCA","76364","JAMUNDI","1"
"2009-11-17T00:00:00.000","76","VALLE DEL CAUCA","76364","JAMUNDI","1"
"2009-12-02T00:00:00.000","76","VALLE DEL CAUCA","76364","JAMUNDI","1"
"2009-12-04T00:00:00.000","76","VALLE DEL CAUCA","76364","JAMUNDI","1"
"2009-12-07T00:00:00.000","76","VALLE DEL CAUCA","76364","JAMUNDI","1"
"2009-12-09T00:00:00.000","76","VALLE DEL CAUCA","76364","JAMUNDI","1"
"2009-12-10T00:00:00.000","76","VALLE DEL CAUCA","76364","JAMUNDI","1"
"2009-12-11T00:00:00.000","76","VALLE DEL CAUCA","76364","JAMUNDI","1"
"2009-12-13T00:00:00.000","76","VALLE DEL CAUCA","76364","JAMUNDI","1"
"2009-12-17T00:00:00.000","76","VALLE DEL CAUCA","76364","JAMUNDI","1"
"2009-12-22T00:00:00.000","76","VALLE DEL CAUCA","76364","JAMUNDI","1"
"2009-12-25T00:00:00.000","76","VALLE DEL CAUCA","76364","JAMUNDI","1"
"2009-12-26T00:00:00.000","76","VALLE DEL CAUCA","76364","JAMUNDI","1"
"2010-01-06T00:00:00.000","76","VALLE DEL CAUCA","76364","JAMUNDI","1"
"2010-01-08T00:00:00.000","76","VALLE DEL CAUCA","76364","JAMUNDI","1"
"2010-01-09T00:00:00.000","76","VALLE DEL CAUCA","76364","JAMUNDI","1"
"2010-01-13T00:00:00.000","76","VALLE DEL CAUCA","76364","JAMUNDI","1"
"2010-01-15T00:00:00.000","76","VALLE DEL CAUCA","76364","JAMUNDI","1"
"2010-01-19T00:00:00.000","76","VALLE DEL CAUCA","76364","JAMUNDI","2"
"2010-01-20T00:00:00.000","76","VALLE DEL CAUCA","76364","JAMUNDI","1"
"2010-01-22T00:00:00.000","76","VALLE DEL CAUCA","76364","JAMUNDI","2"
"2010-01-25T00:00:00.000","76","VALLE DEL CAUCA","76364","JAMUNDI","2"
"2010-01-26T00:00:00.000","76","VALLE DEL CAUCA","76364","JAMUNDI","1"
"2010-01-30T00:00:00.000","76","VALLE DEL CAUCA","76364","JAMUNDI","2"
"2010-01-31T00:00:00.000","76","VALLE DEL CAUCA","76364","JAMUNDI","1"
"2010-02-01T00:00:00.000","76","VALLE DEL CAUCA","76364","JAMUNDI","4"
"2010-02-02T00:00:00.000","76","VALLE DEL CAUCA","76364","JAMUNDI","1"
"2010-02-04T00:00:00.000","76","VALLE DEL CAUCA","76364","JAMUNDI","1"
"2010-02-05T00:00:00.000","76","VALLE DEL CAUCA","76364","JAMUNDI","1"
"2010-02-06T00:00:00.000","76","VALLE DEL CAUCA","76364","JAMUNDI","1"
"2010-02-07T00:00:00.000","76","VALLE DEL CAUCA","76364","JAMUNDI","2"
"2010-02-10T00:00:00.000","76","VALLE DEL CAUCA","76364","JAMUNDI","3"
"2010-02-11T00:00:00.000","76","VALLE DEL CAUCA","76364","JAMUNDI","2"
"2010-02-12T00:00:00.000","76","VALLE DEL CAUCA","76364","JAMUNDI","1"
"2010-02-13T00:00:00.000","76","VALLE DEL CAUCA","76364","JAMUNDI","1"
"2010-02-17T00:00:00.000","76","VALLE DEL CAUCA","76364","JAMUNDI","1"
"2010-02-23T00:00:00.000","76","VALLE DEL CAUCA","76364","JAMUNDI","1"
"2010-02-24T00:00:00.000","76","VALLE DEL CAUCA","76364","JAMUNDI","2"
"2010-02-25T00:00:00.000","76","VALLE DEL CAUCA","76364","JAMUNDI","1"
"2010-02-27T00:00:00.000","76","VALLE DEL CAUCA","76364","JAMUNDI","1"
"2010-03-02T00:00:00.000","76","VALLE DEL CAUCA","76364","JAMUNDI","1"
"2010-03-03T00:00:00.000","76","VALLE DEL CAUCA","76364","JAMUNDI","3"
"2010-03-06T00:00:00.000","76","VALLE DEL CAUCA","76364","JAMUNDI","1"
"2010-03-10T00:00:00.000","76","VALLE DEL CAUCA","76364","JAMUNDI","1"
"2010-03-11T00:00:00.000","76","VALLE DEL CAUCA","76364","JAMUNDI","1"
"2010-03-12T00:00:00.000","76","VALLE DEL CAUCA","76364","JAMUNDI","1"
"2010-03-13T00:00:00.000","76","VALLE DEL CAUCA","76364","JAMUNDI","1"
"2010-03-19T00:00:00.000","76","VALLE DEL CAUCA","76364","JAMUNDI","1"
"2010-03-21T00:00:00.000","76","VALLE DEL CAUCA","76364","JAMUNDI","1"
"2010-03-30T00:00:00.000","76","VALLE DEL CAUCA","76364","JAMUNDI","1"
"2010-04-01T00:00:00.000","76","VALLE DEL CAUCA","76364","JAMUNDI","1"
"2010-04-05T00:00:00.000","76","VALLE DEL CAUCA","76364","JAMUNDI","1"
"2010-04-06T00:00:00.000","76","VALLE DEL CAUCA","76364","JAMUNDI","1"
"2010-04-07T00:00:00.000","76","VALLE DEL CAUCA","76364","JAMUNDI","1"
"2010-04-09T00:00:00.000","76","VALLE DEL CAUCA","76364","JAMUNDI","2"
"2010-04-10T00:00:00.000","76","VALLE DEL CAUCA","76364","JAMUNDI","1"
"2010-04-12T00:00:00.000","76","VALLE DEL CAUCA","76364","JAMUNDI","1"
"2010-04-13T00:00:00.000","76","VALLE DEL CAUCA","76364","JAMUNDI","1"
"2010-04-15T00:00:00.000","76","VALLE DEL CAUCA","76364","JAMUNDI","2"
"2010-04-19T00:00:00.000","76","VALLE DEL CAUCA","76364","JAMUNDI","1"
"2010-04-24T00:00:00.000","76","VALLE DEL CAUCA","76364","JAMUNDI","1"
"2010-05-04T00:00:00.000","76","VALLE DEL CAUCA","76364","JAMUNDI","1"
"2010-05-05T00:00:00.000","76","VALLE DEL CAUCA","76364","JAMUNDI","1"
"2010-05-07T00:00:00.000","76","VALLE DEL CAUCA","76364","JAMUNDI","2"
"2010-05-08T00:00:00.000","76","VALLE DEL CAUCA","76364","JAMUNDI","1"
"2010-05-12T00:00:00.000","76","VALLE DEL CAUCA","76364","JAMUNDI","2"
"2010-05-15T00:00:00.000","76","VALLE DEL CAUCA","76364","JAMUNDI","1"
"2010-05-16T00:00:00.000","76","VALLE DEL CAUCA","76364","JAMUNDI","1"
"2010-05-25T00:00:00.000","76","VALLE DEL CAUCA","76364","JAMUNDI","1"
"2010-05-26T00:00:00.000","76","VALLE DEL CAUCA","76364","JAMUNDI","5"
"2010-05-27T00:00:00.000","76","VALLE DEL CAUCA","76364","JAMUNDI","1"
"2010-05-29T00:00:00.000","76","VALLE DEL CAUCA","76364","JAMUNDI","1"
"2010-06-01T00:00:00.000","76","VALLE DEL CAUCA","76364","JAMUNDI","1"
"2010-06-04T00:00:00.000","76","VALLE DEL CAUCA","76364","JAMUNDI","1"
"2010-06-07T00:00:00.000","76","VALLE DEL CAUCA","76364","JAMUNDI","1"
"2010-06-08T00:00:00.000","76","VALLE DEL CAUCA","76364","JAMUNDI","2"
"2010-06-11T00:00:00.000","76","VALLE DEL CAUCA","76364","JAMUNDI","2"
"2010-06-12T00:00:00.000","76","VALLE DEL CAUCA","76364","JAMUNDI","1"
"2010-06-21T00:00:00.000","76","VALLE DEL CAUCA","76364","JAMUNDI","3"
"2010-06-22T00:00:00.000","76","VALLE DEL CAUCA","76364","JAMUNDI","1"
"2010-06-30T00:00:00.000","76","VALLE DEL CAUCA","76364","JAMUNDI","3"
"2010-07-02T00:00:00.000","76","VALLE DEL CAUCA","76364","JAMUNDI","2"
"2010-07-03T00:00:00.000","76","VALLE DEL CAUCA","76364","JAMUNDI","1"
"2010-07-04T00:00:00.000","76","VALLE DEL CAUCA","76364","JAMUNDI","1"
"2010-07-05T00:00:00.000","76","VALLE DEL CAUCA","76364","JAMUNDI","2"
"2010-07-12T00:00:00.000","76","VALLE DEL CAUCA","76364","JAMUNDI","1"
"2010-07-13T00:00:00.000","76","VALLE DEL CAUCA","76364","JAMUNDI","1"
"2010-07-14T00:00:00.000","76","VALLE DEL CAUCA","76364","JAMUNDI","1"
"2010-07-20T00:00:00.000","76","VALLE DEL CAUCA","76364","JAMUNDI","1"
"2010-07-21T00:00:00.000","76","VALLE DEL CAUCA","76364","JAMUNDI","1"
"2010-07-22T00:00:00.000","76","VALLE DEL CAUCA","76364","JAMUNDI","1"
"2010-07-23T00:00:00.000","76","VALLE DEL CAUCA","76364","JAMUNDI","1"
"2010-07-26T00:00:00.000","76","VALLE DEL CAUCA","76364","JAMUNDI","1"
"2010-07-30T00:00:00.000","76","VALLE DEL CAUCA","76364","JAMUNDI","1"
"2010-07-31T00:00:00.000","76","VALLE DEL CAUCA","76364","JAMUNDI","1"
"2010-08-03T00:00:00.000","76","VALLE DEL CAUCA","76364","JAMUNDI","1"
"2010-08-06T00:00:00.000","76","VALLE DEL CAUCA","76364","JAMUNDI","1"
"2010-08-10T00:00:00.000","76","VALLE DEL CAUCA","76364","JAMUNDI","1"
"2010-08-14T00:00:00.000","76","VALLE DEL CAUCA","76364","JAMUNDI","1"
"2010-08-16T00:00:00.000","76","VALLE DEL CAUCA","76364","JAMUNDI","1"
"2010-08-17T00:00:00.000","76","VALLE DEL CAUCA","76364","JAMUNDI","1"
"2010-08-25T00:00:00.000","76","VALLE DEL CAUCA","76364","JAMUNDI","1"
"2010-08-31T00:00:00.000","76","VALLE DEL CAUCA","76364","JAMUNDI","2"
"2010-09-02T00:00:00.000","76","VALLE DEL CAUCA","76364","JAMUNDI","1"
"2010-09-06T00:00:00.000","76","VALLE DEL CAUCA","76364","JAMUNDI","1"
"2010-09-07T00:00:00.000","76","VALLE DEL CAUCA","76364","JAMUNDI","2"
"2010-09-09T00:00:00.000","76","VALLE DEL CAUCA","76364","JAMUNDI","1"
"2010-09-11T00:00:00.000","76","VALLE DEL CAUCA","76364","JAMUNDI","1"
"2010-09-13T00:00:00.000","76","VALLE DEL CAUCA","76364","JAMUNDI","1"
"2010-09-15T00:00:00.000","76","VALLE DEL CAUCA","76364","JAMUNDI","2"
"2010-09-16T00:00:00.000","76","VALLE DEL CAUCA","76364","JAMUNDI","2"
"2010-09-18T00:00:00.000","76","VALLE DEL CAUCA","76364","JAMUNDI","1"
"2010-09-19T00:00:00.000","76","VALLE DEL CAUCA","76364","JAMUNDI","1"
"2010-09-20T00:00:00.000","76","VALLE DEL CAUCA","76364","JAMUNDI","1"
"2010-09-25T00:00:00.000","76","VALLE DEL CAUCA","76364","JAMUNDI","1"
"2010-09-28T00:00:00.000","76","VALLE DEL CAUCA","76364","JAMUNDI","1"
"2010-09-30T00:00:00.000","76","VALLE DEL CAUCA","76364","JAMUNDI","1"
"2010-10-02T00:00:00.000","76","VALLE DEL CAUCA","76364","JAMUNDI","2"
"2010-10-03T00:00:00.000","76","VALLE DEL CAUCA","76364","JAMUNDI","1"
"2010-10-04T00:00:00.000","76","VALLE DEL CAUCA","76364","JAMUNDI","1"
"2010-10-06T00:00:00.000","76","VALLE DEL CAUCA","76364","JAMUNDI","1"
"2010-10-08T00:00:00.000","76","VALLE DEL CAUCA","76364","JAMUNDI","1"
"2010-10-09T00:00:00.000","76","VALLE DEL CAUCA","76364","JAMUNDI","1"
"2010-10-13T00:00:00.000","76","VALLE DEL CAUCA","76364","JAMUNDI","2"
"2010-10-16T00:00:00.000","76","VALLE DEL CAUCA","76364","JAMUNDI","1"
"2010-10-25T00:00:00.000","76","VALLE DEL CAUCA","76364","JAMUNDI","1"
"2010-10-27T00:00:00.000","76","VALLE DEL CAUCA","76364","JAMUNDI","1"
"2010-11-02T00:00:00.000","76","VALLE DEL CAUCA","76364","JAMUNDI","1"
"2010-11-13T00:00:00.000","76","VALLE DEL CAUCA","76364","JAMUNDI","2"
"2010-11-22T00:00:00.000","76","VALLE DEL CAUCA","76364","JAMUNDI","1"
"2010-11-24T00:00:00.000","76","VALLE DEL CAUCA","76364","JAMUNDI","1"
"2010-11-28T00:00:00.000","76","VALLE DEL CAUCA","76364","JAMUNDI","1"
"2010-12-02T00:00:00.000","76","VALLE DEL CAUCA","76364","JAMUNDI","3"
"2010-12-08T00:00:00.000","76","VALLE DEL CAUCA","76364","JAMUNDI","1"
"2010-12-09T00:00:00.000","76","VALLE DEL CAUCA","76364","JAMUNDI","1"
"2010-12-10T00:00:00.000","76","VALLE DEL CAUCA","76364","JAMUNDI","1"
"2010-12-11T00:00:00.000","76","VALLE DEL CAUCA","76364","JAMUNDI","2"
"2010-12-14T00:00:00.000","76","VALLE DEL CAUCA","76364","JAMUNDI","1"
"2011-01-05T00:00:00.000","76","VALLE DEL CAUCA","76364","JAMUNDI","1"
"2011-01-16T00:00:00.000","76","VALLE DEL CAUCA","76364","JAMUNDI","1"
"2011-01-19T00:00:00.000","76","VALLE DEL CAUCA","76364","JAMUNDI","1"
"2011-01-21T00:00:00.000","76","VALLE DEL CAUCA","76364","JAMUNDI","1"
"2011-01-23T00:00:00.000","76","VALLE DEL CAUCA","76364","JAMUNDI","1"
"2011-01-24T00:00:00.000","76","VALLE DEL CAUCA","76364","JAMUNDI","1"
"2011-01-27T00:00:00.000","76","VALLE DEL CAUCA","76364","JAMUNDI","2"
"2011-01-29T00:00:00.000","76","VALLE DEL CAUCA","76364","JAMUNDI","1"
"2011-01-31T00:00:00.000","76","VALLE DEL CAUCA","76364","JAMUNDI","1"
"2011-02-01T00:00:00.000","76","VALLE DEL CAUCA","76364","JAMUNDI","2"
"2011-02-03T00:00:00.000","76","VALLE DEL CAUCA","76364","JAMUNDI","1"
"2011-02-04T00:00:00.000","76","VALLE DEL CAUCA","76364","JAMUNDI","1"
"2011-02-07T00:00:00.000","76","VALLE DEL CAUCA","76364","JAMUNDI","2"
"2011-02-08T00:00:00.000","76","VALLE DEL CAUCA","76364","JAMUNDI","1"
"2011-02-09T00:00:00.000","76","VALLE DEL CAUCA","76364","JAMUNDI","2"
"2011-02-10T00:00:00.000","76","VALLE DEL CAUCA","76364","JAMUNDI","2"
"2011-02-12T00:00:00.000","76","VALLE DEL CAUCA","76364","JAMUNDI","3"
"2011-02-14T00:00:00.000","76","VALLE DEL CAUCA","76364","JAMUNDI","4"
"2011-02-15T00:00:00.000","76","VALLE DEL CAUCA","76364","JAMUNDI","1"
"2011-02-16T00:00:00.000","76","VALLE DEL CAUCA","76364","JAMUNDI","1"
"2011-02-18T00:00:00.000","76","VALLE DEL CAUCA","76364","JAMUNDI","1"
"2011-02-19T00:00:00.000","76","VALLE DEL CAUCA","76364","JAMUNDI","1"
"2011-02-21T00:00:00.000","76","VALLE DEL CAUCA","76364","JAMUNDI","1"
"2011-02-22T00:00:00.000","76","VALLE DEL CAUCA","76364","JAMUNDI","2"
"2011-02-23T00:00:00.000","76","VALLE DEL CAUCA","76364","JAMUNDI","1"
"2011-02-25T00:00:00.000","76","VALLE DEL CAUCA","76364","JAMUNDI","1"
"2011-02-26T00:00:00.000","76","VALLE DEL CAUCA","76364","JAMUNDI","2"
"2011-02-27T00:00:00.000","76","VALLE DEL CAUCA","76364","JAMUNDI","2"
"2011-02-28T00:00:00.000","76","VALLE DEL CAUCA","76364","JAMUNDI","2"
"2011-03-01T00:00:00.000","76","VALLE DEL CAUCA","76364","JAMUNDI","2"
"2011-03-02T00:00:00.000","76","VALLE DEL CAUCA","76364","JAMUNDI","2"
"2011-03-03T00:00:00.000","76","VALLE DEL CAUCA","76364","JAMUNDI","1"
"2011-03-04T00:00:00.000","76","VALLE DEL CAUCA","76364","JAMUNDI","2"
"2011-03-06T00:00:00.000","76","VALLE DEL CAUCA","76364","JAMUNDI","3"
"2011-03-07T00:00:00.000","76","VALLE DEL CAUCA","76364","JAMUNDI","1"
"2011-03-08T00:00:00.000","76","VALLE DEL CAUCA","76364","JAMUNDI","2"
"2011-03-09T00:00:00.000","76","VALLE DEL CAUCA","76364","JAMUNDI","4"
"2011-03-10T00:00:00.000","76","VALLE DEL CAUCA","76364","JAMUNDI","3"
"2011-03-11T00:00:00.000","76","VALLE DEL CAUCA","76364","JAMUNDI","1"
"2011-03-12T00:00:00.000","76","VALLE DEL CAUCA","76364","JAMUNDI","2"
"2011-03-13T00:00:00.000","76","VALLE DEL CAUCA","76364","JAMUNDI","3"
"2011-03-16T00:00:00.000","76","VALLE DEL CAUCA","76364","JAMUNDI","3"
"2011-03-18T00:00:00.000","76","VALLE DEL CAUCA","76364","JAMUNDI","1"
"2011-03-21T00:00:00.000","76","VALLE DEL CAUCA","76364","JAMUNDI","2"
"2011-03-24T00:00:00.000","76","VALLE DEL CAUCA","76364","JAMUNDI","3"
"2011-03-25T00:00:00.000","76","VALLE DEL CAUCA","76364","JAMUNDI","2"
"2011-03-26T00:00:00.000","76","VALLE DEL CAUCA","76364","JAMUNDI","3"
"2011-03-28T00:00:00.000","76","VALLE DEL CAUCA","76364","JAMUNDI","2"
"2011-03-30T00:00:00.000","76","VALLE DEL CAUCA","76364","JAMUNDI","1"
"2011-03-31T00:00:00.000","76","VALLE DEL CAUCA","76364","JAMUNDI","2"
"2011-04-01T00:00:00.000","76","VALLE DEL CAUCA","76364","JAMUNDI","1"
"2011-04-02T00:00:00.000","76","VALLE DEL CAUCA","76364","JAMUNDI","4"
"2011-04-04T00:00:00.000","76","VALLE DEL CAUCA","76364","JAMUNDI","1"
"2011-04-08T00:00:00.000","76","VALLE DEL CAUCA","76364","JAMUNDI","1"
"2011-04-09T00:00:00.000","76","VALLE DEL CAUCA","76364","JAMUNDI","1"
"2011-04-13T00:00:00.000","76","VALLE DEL CAUCA","76364","JAMUNDI","2"
"2011-04-14T00:00:00.000","76","VALLE DEL CAUCA","76364","JAMUNDI","1"
"2011-04-15T00:00:00.000","76","VALLE DEL CAUCA","76364","JAMUNDI","2"
"2011-04-16T00:00:00.000","76","VALLE DEL CAUCA","76364","JAMUNDI","1"
"2011-04-17T00:00:00.000","76","VALLE DEL CAUCA","76364","JAMUNDI","2"
"2011-04-18T00:00:00.000","76","VALLE DEL CAUCA","76364","JAMUNDI","1"
"2011-04-21T00:00:00.000","76","VALLE DEL CAUCA","76364","JAMUNDI","1"
"2011-04-23T00:00:00.000","76","VALLE DEL CAUCA","76364","JAMUNDI","1"
"2011-04-27T00:00:00.000","76","VALLE DEL CAUCA","76364","JAMUNDI","1"
"2011-04-29T00:00:00.000","76","VALLE DEL CAUCA","76364","JAMUNDI","2"
"2011-05-03T00:00:00.000","76","VALLE DEL CAUCA","76364","JAMUNDI","1"
"2011-05-04T00:00:00.000","76","VALLE DEL CAUCA","76364","JAMUNDI","1"
"2011-05-06T00:00:00.000","76","VALLE DEL CAUCA","76364","JAMUNDI","1"
"2011-05-08T00:00:00.000","76","VALLE DEL CAUCA","76364","JAMUNDI","2"
"2011-05-09T00:00:00.000","76","VALLE DEL CAUCA","76364","JAMUNDI","1"
"2011-05-10T00:00:00.000","76","VALLE DEL CAUCA","76364","JAMUNDI","1"
"2011-05-14T00:00:00.000","76","VALLE DEL CAUCA","76364","JAMUNDI","1"
"2011-05-17T00:00:00.000","76","VALLE DEL CAUCA","76364","JAMUNDI","2"
"2011-05-18T00:00:00.000","76","VALLE DEL CAUCA","76364","JAMUNDI","1"
"2011-05-19T00:00:00.000","76","VALLE DEL CAUCA","76364","JAMUNDI","1"
"2011-05-21T00:00:00.000","76","VALLE DEL CAUCA","76364","JAMUNDI","1"
"2011-05-22T00:00:00.000","76","VALLE DEL CAUCA","76364","JAMUNDI","1"
"2011-05-23T00:00:00.000","76","VALLE DEL CAUCA","76364","JAMUNDI","1"
"2011-05-24T00:00:00.000","76","VALLE DEL CAUCA","76364","JAMUNDI","1"
"2011-05-25T00:00:00.000","76","VALLE DEL CAUCA","76364","JAMUNDI","1"
"2011-05-28T00:00:00.000","76","VALLE DEL CAUCA","76364","JAMUNDI","1"
"2011-05-30T00:00:00.000","76","VALLE DEL CAUCA","76364","JAMUNDI","4"
"2011-06-01T00:00:00.000","76","VALLE DEL CAUCA","76364","JAMUNDI","1"
"2011-06-04T00:00:00.000","76","VALLE DEL CAUCA","76364","JAMUNDI","1"
"2011-06-06T00:00:00.000","76","VALLE DEL CAUCA","76364","JAMUNDI","1"
"2011-06-07T00:00:00.000","76","VALLE DEL CAUCA","76364","JAMUNDI","1"
"2011-06-10T00:00:00.000","76","VALLE DEL CAUCA","76364","JAMUNDI","1"
"2011-06-13T00:00:00.000","76","VALLE DEL CAUCA","76364","JAMUNDI","1"
"2011-06-18T00:00:00.000","76","VALLE DEL CAUCA","76364","JAMUNDI","1"
"2011-06-22T00:00:00.000","76","VALLE DEL CAUCA","76364","JAMUNDI","1"
"2011-06-26T00:00:00.000","76","VALLE DEL CAUCA","76364","JAMUNDI","1"
"2011-06-27T00:00:00.000","76","VALLE DEL CAUCA","76364","JAMUNDI","1"
"2011-07-05T00:00:00.000","76","VALLE DEL CAUCA","76364","JAMUNDI","1"
"2011-07-07T00:00:00.000","76","VALLE DEL CAUCA","76364","JAMUNDI","2"
"2011-07-11T00:00:00.000","76","VALLE DEL CAUCA","76364","JAMUNDI","1"
"2011-07-13T00:00:00.000","76","VALLE DEL CAUCA","76364","JAMUNDI","1"
"2011-07-17T00:00:00.000","76","VALLE DEL CAUCA","76364","JAMUNDI","1"
"2011-07-18T00:00:00.000","76","VALLE DEL CAUCA","76364","JAMUNDI","2"
"2011-07-20T00:00:00.000","76","VALLE DEL CAUCA","76364","JAMUNDI","1"
"2011-07-21T00:00:00.000","76","VALLE DEL CAUCA","76364","JAMUNDI","2"
"2011-07-22T00:00:00.000","76","VALLE DEL CAUCA","76364","JAMUNDI","1"
"2011-07-27T00:00:00.000","76","VALLE DEL CAUCA","76364","JAMUNDI","1"
"2011-07-28T00:00:00.000","76","VALLE DEL CAUCA","76364","JAMUNDI","1"
"2011-07-29T00:00:00.000","76","VALLE DEL CAUCA","76364","JAMUNDI","1"
"2011-07-30T00:00:00.000","76","VALLE DEL CAUCA","76364","JAMUNDI","1"
"2011-08-02T00:00:00.000","76","VALLE DEL CAUCA","76364","JAMUNDI","1"
"2011-08-04T00:00:00.000","76","VALLE DEL CAUCA","76364","JAMUNDI","1"
"2011-08-08T00:00:00.000","76","VALLE DEL CAUCA","76364","JAMUNDI","1"
"2011-08-10T00:00:00.000","76","VALLE DEL CAUCA","76364","JAMUNDI","1"
"2011-08-12T00:00:00.000","76","VALLE DEL CAUCA","76364","JAMUNDI","1"
"2011-08-18T00:00:00.000","76","VALLE DEL CAUCA","76364","JAMUNDI","2"
"2011-08-29T00:00:00.000","76","VALLE DEL CAUCA","76364","JAMUNDI","1"
"2011-08-30T00:00:00.000","76","VALLE DEL CAUCA","76364","JAMUNDI","1"
"2011-08-31T00:00:00.000","76","VALLE DEL CAUCA","76364","JAMUNDI","1"
"2011-09-01T00:00:00.000","76","VALLE DEL CAUCA","76364","JAMUNDI","3"
"2011-09-03T00:00:00.000","76","VALLE DEL CAUCA","76364","JAMUNDI","1"
"2011-09-05T00:00:00.000","76","VALLE DEL CAUCA","76364","JAMUNDI","1"
"2011-09-09T00:00:00.000","76","VALLE DEL CAUCA","76364","JAMUNDI","1"
"2011-09-10T00:00:00.000","76","VALLE DEL CAUCA","76364","JAMUNDI","2"
"2011-09-13T00:00:00.000","76","VALLE DEL CAUCA","76364","JAMUNDI","2"
"2011-09-14T00:00:00.000","76","VALLE DEL CAUCA","76364","JAMUNDI","2"
"2011-09-17T00:00:00.000","76","VALLE DEL CAUCA","76364","JAMUNDI","1"
"2011-09-19T00:00:00.000","76","VALLE DEL CAUCA","76364","JAMUNDI","2"
"2011-09-20T00:00:00.000","76","VALLE DEL CAUCA","76364","JAMUNDI","3"
"2011-09-21T00:00:00.000","76","VALLE DEL CAUCA","76364","JAMUNDI","1"
"2011-09-23T00:00:00.000","76","VALLE DEL CAUCA","76364","JAMUNDI","1"
"2011-09-25T00:00:00.000","76","VALLE DEL CAUCA","76364","JAMUNDI","1"
"2011-09-28T00:00:00.000","76","VALLE DEL CAUCA","76364","JAMUNDI","1"
"2011-09-29T00:00:00.000","76","VALLE DEL CAUCA","76364","JAMUNDI","2"
"2011-09-30T00:00:00.000","76","VALLE DEL CAUCA","76364","JAMUNDI","1"
"2011-10-01T00:00:00.000","76","VALLE DEL CAUCA","76364","JAMUNDI","2"
"2011-10-03T00:00:00.000","76","VALLE DEL CAUCA","76364","JAMUNDI","2"
"2011-10-07T00:00:00.000","76","VALLE DEL CAUCA","76364","JAMUNDI","2"
"2011-10-08T00:00:00.000","76","VALLE DEL CAUCA","76364","JAMUNDI","1"
"2011-10-09T00:00:00.000","76","VALLE DEL CAUCA","76364","JAMUNDI","1"
"2011-10-16T00:00:00.000","76","VALLE DEL CAUCA","76364","JAMUNDI","2"
"2011-10-20T00:00:00.000","76","VALLE DEL CAUCA","76364","JAMUNDI","1"
"2011-10-25T00:00:00.000","76","VALLE DEL CAUCA","76364","JAMUNDI","1"
"2011-10-26T00:00:00.000","76","VALLE DEL CAUCA","76364","JAMUNDI","1"
"2011-10-28T00:00:00.000","76","VALLE DEL CAUCA","76364","JAMUNDI","1"
"2011-10-30T00:00:00.000","76","VALLE DEL CAUCA","76364","JAMUNDI","1"
"2011-11-04T00:00:00.000","76","VALLE DEL CAUCA","76364","JAMUNDI","2"
"2011-11-05T00:00:00.000","76","VALLE DEL CAUCA","76364","JAMUNDI","1"
"2011-11-08T00:00:00.000","76","VALLE DEL CAUCA","76364","JAMUNDI","1"
"2011-11-10T00:00:00.000","76","VALLE DEL CAUCA","76364","JAMUNDI","1"
"2011-11-11T00:00:00.000","76","VALLE DEL CAUCA","76364","JAMUNDI","3"
"2011-11-12T00:00:00.000","76","VALLE DEL CAUCA","76364","JAMUNDI","1"
"2011-11-15T00:00:00.000","76","VALLE DEL CAUCA","76364","JAMUNDI","4"
"2011-11-16T00:00:00.000","76","VALLE DEL CAUCA","76364","JAMUNDI","1"
"2011-11-18T00:00:00.000","76","VALLE DEL CAUCA","76364","JAMUNDI","1"
"2011-11-19T00:00:00.000","76","VALLE DEL CAUCA","76364","JAMUNDI","1"
"2011-11-22T00:00:00.000","76","VALLE DEL CAUCA","76364","JAMUNDI","2"
"2011-11-23T00:00:00.000","76","VALLE DEL CAUCA","76364","JAMUNDI","3"
"2011-11-26T00:00:00.000","76","VALLE DEL CAUCA","76364","JAMUNDI","1"
"2011-11-27T00:00:00.000","76","VALLE DEL CAUCA","76364","JAMUNDI","1"
"2011-11-28T00:00:00.000","76","VALLE DEL CAUCA","76364","JAMUNDI","1"
"2011-12-01T00:00:00.000","76","VALLE DEL CAUCA","76364","JAMUNDI","2"
"2011-12-02T00:00:00.000","76","VALLE DEL CAUCA","76364","JAMUNDI","1"
"2011-12-07T00:00:00.000","76","VALLE DEL CAUCA","76364","JAMUNDI","1"
"2011-12-09T00:00:00.000","76","VALLE DEL CAUCA","76364","JAMUNDI","1"
"2011-12-10T00:00:00.000","76","VALLE DEL CAUCA","76364","JAMUNDI","1"
"2011-12-14T00:00:00.000","76","VALLE DEL CAUCA","76364","JAMUNDI","1"
"2011-12-15T00:00:00.000","76","VALLE DEL CAUCA","76364","JAMUNDI","1"
"2011-12-17T00:00:00.000","76","VALLE DEL CAUCA","76364","JAMUNDI","2"
"2011-12-19T00:00:00.000","76","VALLE DEL CAUCA","76364","JAMUNDI","3"
"2011-12-23T00:00:00.000","76","VALLE DEL CAUCA","76364","JAMUNDI","1"
"2011-12-26T00:00:00.000","76","VALLE DEL CAUCA","76364","JAMUNDI","1"
"2011-12-28T00:00:00.000","76","VALLE DEL CAUCA","76364","JAMUNDI","3"
"2011-12-29T00:00:00.000","76","VALLE DEL CAUCA","76364","JAMUNDI","1"
"2011-12-31T00:00:00.000","76","VALLE DEL CAUCA","76364","JAMUNDI","1"
"2012-01-05T00:00:00.000","76","VALLE DEL CAUCA","76364","JAMUNDI","4"
"2012-01-06T00:00:00.000","76","VALLE DEL CAUCA","76364","JAMUNDI","3"
"2012-01-07T00:00:00.000","76","VALLE DEL CAUCA","76364","JAMUNDI","2"
"2012-01-10T00:00:00.000","76","VALLE DEL CAUCA","76364","JAMUNDI","1"
"2012-01-15T00:00:00.000","76","VALLE DEL CAUCA","76364","JAMUNDI","1"
"2012-01-16T00:00:00.000","76","VALLE DEL CAUCA","76364","JAMUNDI","1"
"2012-01-18T00:00:00.000","76","VALLE DEL CAUCA","76364","JAMUNDI","1"
"2012-01-21T00:00:00.000","76","VALLE DEL CAUCA","76364","JAMUNDI","1"
"2012-01-23T00:00:00.000","76","VALLE DEL CAUCA","76364","JAMUNDI","1"
"2012-01-24T00:00:00.000","76","VALLE DEL CAUCA","76364","JAMUNDI","1"
"2012-01-25T00:00:00.000","76","VALLE DEL CAUCA","76364","JAMUNDI","2"
"2012-01-26T00:00:00.000","76","VALLE DEL CAUCA","76364","JAMUNDI","1"
"2012-01-27T00:00:00.000","76","VALLE DEL CAUCA","76364","JAMUNDI","3"
"2012-01-28T00:00:00.000","76","VALLE DEL CAUCA","76364","JAMUNDI","2"
"2012-01-31T00:00:00.000","76","VALLE DEL CAUCA","76364","JAMUNDI","1"
"2012-02-01T00:00:00.000","76","VALLE DEL CAUCA","76364","JAMUNDI","2"
"2012-02-02T00:00:00.000","76","VALLE DEL CAUCA","76364","JAMUNDI","2"
"2012-02-06T00:00:00.000","76","VALLE DEL CAUCA","76364","JAMUNDI","1"
"2012-02-09T00:00:00.000","76","VALLE DEL CAUCA","76364","JAMUNDI","2"
"2012-02-14T00:00:00.000","76","VALLE DEL CAUCA","76364","JAMUNDI","2"
"2012-02-16T00:00:00.000","76","VALLE DEL CAUCA","76364","JAMUNDI","2"
"2012-02-17T00:00:00.000","76","VALLE DEL CAUCA","76364","JAMUNDI","2"
"2012-02-21T00:00:00.000","76","VALLE DEL CAUCA","76364","JAMUNDI","1"
"2012-02-23T00:00:00.000","76","VALLE DEL CAUCA","76364","JAMUNDI","2"
"2012-02-25T00:00:00.000","76","VALLE DEL CAUCA","76364","JAMUNDI","1"
"2012-02-26T00:00:00.000","76","VALLE DEL CAUCA","76364","JAMUNDI","2"
"2012-02-28T00:00:00.000","76","VALLE DEL CAUCA","76364","JAMUNDI","1"
"2012-03-01T00:00:00.000","76","VALLE DEL CAUCA","76364","JAMUNDI","1"
"2012-03-06T00:00:00.000","76","VALLE DEL CAUCA","76364","JAMUNDI","1"
"2012-03-07T00:00:00.000","76","VALLE DEL CAUCA","76364","JAMUNDI","1"
"2012-03-08T00:00:00.000","76","VALLE DEL CAUCA","76364","JAMUNDI","1"
"2012-03-12T00:00:00.000","76","VALLE DEL CAUCA","76364","JAMUNDI","1"
"2012-03-13T00:00:00.000","76","VALLE DEL CAUCA","76364","JAMUNDI","1"
"2012-03-14T00:00:00.000","76","VALLE DEL CAUCA","76364","JAMUNDI","2"
"2012-03-15T00:00:00.000","76","VALLE DEL CAUCA","76364","JAMUNDI","1"
"2012-03-17T00:00:00.000","76","VALLE DEL CAUCA","76364","JAMUNDI","1"
"2012-03-18T00:00:00.000","76","VALLE DEL CAUCA","76364","JAMUNDI","1"
"2012-03-19T00:00:00.000","76","VALLE DEL CAUCA","76364","JAMUNDI","1"
"2012-03-21T00:00:00.000","76","VALLE DEL CAUCA","76364","JAMUNDI","1"
"2012-03-22T00:00:00.000","76","VALLE DEL CAUCA","76364","JAMUNDI","1"
"2012-03-23T00:00:00.000","76","VALLE DEL CAUCA","76364","JAMUNDI","1"
"2012-03-24T00:00:00.000","76","VALLE DEL CAUCA","76364","JAMUNDI","1"
"2012-03-25T00:00:00.000","76","VALLE DEL CAUCA","76364","JAMUNDI","1"
"2012-03-27T00:00:00.000","76","VALLE DEL CAUCA","76364","JAMUNDI","3"
"2012-03-28T00:00:00.000","76","VALLE DEL CAUCA","76364","JAMUNDI","1"
"2012-03-31T00:00:00.000","76","VALLE DEL CAUCA","76364","JAMUNDI","1"
"2012-04-01T00:00:00.000","76","VALLE DEL CAUCA","76364","JAMUNDI","1"
"2012-04-02T00:00:00.000","76","VALLE DEL CAUCA","76364","JAMUNDI","1"
"2012-04-04T00:00:00.000","76","VALLE DEL CAUCA","76364","JAMUNDI","1"
"2012-04-06T00:00:00.000","76","VALLE DEL CAUCA","76364","JAMUNDI","1"
"2012-04-08T00:00:00.000","76","VALLE DEL CAUCA","76364","JAMUNDI","2"
"2012-04-09T00:00:00.000","76","VALLE DEL CAUCA","76364","JAMUNDI","1"
"2012-04-12T00:00:00.000","76","VALLE DEL CAUCA","76364","JAMUNDI","1"
"2012-04-14T00:00:00.000","76","VALLE DEL CAUCA","76364","JAMUNDI","1"
"2012-04-17T00:00:00.000","76","VALLE DEL CAUCA","76364","JAMUNDI","2"
"2012-04-23T00:00:00.000","76","VALLE DEL CAUCA","76364","JAMUNDI","1"
"2012-04-25T00:00:00.000","76","VALLE DEL CAUCA","76364","JAMUNDI","2"
"2012-04-28T00:00:00.000","76","VALLE DEL CAUCA","76364","JAMUNDI","1"
"2012-05-03T00:00:00.000","76","VALLE DEL CAUCA","76364","JAMUNDI","1"
"2012-05-05T00:00:00.000","76","VALLE DEL CAUCA","76364","JAMUNDI","1"
"2012-05-09T00:00:00.000","76","VALLE DEL CAUCA","76364","JAMUNDI","1"
"2012-05-14T00:00:00.000","76","VALLE DEL CAUCA","76364","JAMUNDI","1"
"2012-05-16T00:00:00.000","76","VALLE DEL CAUCA","76364","JAMUNDI","1"
"2012-05-18T00:00:00.000","76","VALLE DEL CAUCA","76364","JAMUNDI","1"
"2012-05-22T00:00:00.000","76","VALLE DEL CAUCA","76364","JAMUNDI","1"
"2012-05-23T00:00:00.000","76","VALLE DEL CAUCA","76364","JAMUNDI","1"
"2012-05-24T00:00:00.000","76","VALLE DEL CAUCA","76364","JAMUNDI","1"
"2012-06-01T00:00:00.000","76","VALLE DEL CAUCA","76364","JAMUNDI","1"
"2012-06-04T00:00:00.000","76","VALLE DEL CAUCA","76364","JAMUNDI","1"
"2012-06-06T00:00:00.000","76","VALLE DEL CAUCA","76364","JAMUNDI","1"
"2012-06-08T00:00:00.000","76","VALLE DEL CAUCA","76364","JAMUNDI","1"
"2012-06-11T00:00:00.000","76","VALLE DEL CAUCA","76364","JAMUNDI","1"
"2012-06-14T00:00:00.000","76","VALLE DEL CAUCA","76364","JAMUNDI","1"
"2012-06-20T00:00:00.000","76","VALLE DEL CAUCA","76364","JAMUNDI","1"
"2012-06-25T00:00:00.000","76","VALLE DEL CAUCA","76364","JAMUNDI","1"
"2012-06-28T00:00:00.000","76","VALLE DEL CAUCA","76364","JAMUNDI","1"
"2012-07-02T00:00:00.000","76","VALLE DEL CAUCA","76364","JAMUNDI","1"
"2012-07-03T00:00:00.000","76","VALLE DEL CAUCA","76364","JAMUNDI","3"
"2012-07-04T00:00:00.000","76","VALLE DEL CAUCA","76364","JAMUNDI","1"
"2012-07-06T00:00:00.000","76","VALLE DEL CAUCA","76364","JAMUNDI","1"
"2012-07-09T00:00:00.000","76","VALLE DEL CAUCA","76364","JAMUNDI","1"
"2012-07-18T00:00:00.000","76","VALLE DEL CAUCA","76364","JAMUNDI","1"
"2012-07-19T00:00:00.000","76","VALLE DEL CAUCA","76364","JAMUNDI","1"
"2012-07-21T00:00:00.000","76","VALLE DEL CAUCA","76364","JAMUNDI","1"
"2012-07-23T00:00:00.000","76","VALLE DEL CAUCA","76364","JAMUNDI","1"
"2012-07-25T00:00:00.000","76","VALLE DEL CAUCA","76364","JAMUNDI","1"
"2012-07-29T00:00:00.000","76","VALLE DEL CAUCA","76364","JAMUNDI","1"
"2012-07-30T00:00:00.000","76","VALLE DEL CAUCA","76364","JAMUNDI","1"
"2012-07-31T00:00:00.000","76","VALLE DEL CAUCA","76364","JAMUNDI","1"
"2012-08-01T00:00:00.000","76","VALLE DEL CAUCA","76364","JAMUNDI","1"
"2012-08-04T00:00:00.000","76","VALLE DEL CAUCA","76364","JAMUNDI","1"
"2012-08-08T00:00:00.000","76","VALLE DEL CAUCA","76364","JAMUNDI","1"
"2012-08-11T00:00:00.000","76","VALLE DEL CAUCA","76364","JAMUNDI","1"
"2012-08-13T00:00:00.000","76","VALLE DEL CAUCA","76364","JAMUNDI","1"
"2012-08-18T00:00:00.000","76","VALLE DEL CAUCA","76364","JAMUNDI","1"
"2012-08-22T00:00:00.000","76","VALLE DEL CAUCA","76364","JAMUNDI","1"
"2012-08-24T00:00:00.000","76","VALLE DEL CAUCA","76364","JAMUNDI","2"
"2012-09-03T00:00:00.000","76","VALLE DEL CAUCA","76364","JAMUNDI","1"
"2012-09-04T00:00:00.000","76","VALLE DEL CAUCA","76364","JAMUNDI","1"
"2012-09-06T00:00:00.000","76","VALLE DEL CAUCA","76364","JAMUNDI","1"
"2012-09-08T00:00:00.000","76","VALLE DEL CAUCA","76364","JAMUNDI","1"
"2012-09-09T00:00:00.000","76","VALLE DEL CAUCA","76364","JAMUNDI","1"
"2012-09-13T00:00:00.000","76","VALLE DEL CAUCA","76364","JAMUNDI","1"
"2012-09-15T00:00:00.000","76","VALLE DEL CAUCA","76364","JAMUNDI","1"
"2012-09-20T00:00:00.000","76","VALLE DEL CAUCA","76364","JAMUNDI","1"
"2012-09-24T00:00:00.000","76","VALLE DEL CAUCA","76364","JAMUNDI","1"
"2012-09-26T00:00:00.000","76","VALLE DEL CAUCA","76364","JAMUNDI","1"
"2012-09-30T00:00:00.000","76","VALLE DEL CAUCA","76364","JAMUNDI","2"
"2012-10-01T00:00:00.000","76","VALLE DEL CAUCA","76364","JAMUNDI","1"
"2012-10-02T00:00:00.000","76","VALLE DEL CAUCA","76364","JAMUNDI","2"
"2012-10-07T00:00:00.000","76","VALLE DEL CAUCA","76364","JAMUNDI","1"
"2012-10-09T00:00:00.000","76","VALLE DEL CAUCA","76364","JAMUNDI","1"
"2012-10-12T00:00:00.000","76","VALLE DEL CAUCA","76364","JAMUNDI","1"
"2012-10-14T00:00:00.000","76","VALLE DEL CAUCA","76364","JAMUNDI","1"
"2012-10-18T00:00:00.000","76","VALLE DEL CAUCA","76364","JAMUNDI","1"
"2012-10-25T00:00:00.000","76","VALLE DEL CAUCA","76364","JAMUNDI","1"
"2012-10-28T00:00:00.000","76","VALLE DEL CAUCA","76364","JAMUNDI","1"
"2012-11-01T00:00:00.000","76","VALLE DEL CAUCA","76364","JAMUNDI","1"
"2012-11-08T00:00:00.000","76","VALLE DEL CAUCA","76364","JAMUNDI","1"
"2012-11-12T00:00:00.000","76","VALLE DEL CAUCA","76364","JAMUNDI","1"
"2012-11-14T00:00:00.000","76","VALLE DEL CAUCA","76364","JAMUNDI","1"
"2012-11-15T00:00:00.000","76","VALLE DEL CAUCA","76364","JAMUNDI","1"
"2012-11-16T00:00:00.000","76","VALLE DEL CAUCA","76364","JAMUNDI","1"
"2012-11-19T00:00:00.000","76","VALLE DEL CAUCA","76364","JAMUNDI","1"
"2012-11-21T00:00:00.000","76","VALLE DEL CAUCA","76364","JAMUNDI","1"
"2012-11-22T00:00:00.000","76","VALLE DEL CAUCA","76364","JAMUNDI","3"
"2012-11-24T00:00:00.000","76","VALLE DEL CAUCA","76364","JAMUNDI","1"
"2012-11-25T00:00:00.000","76","VALLE DEL CAUCA","76364","JAMUNDI","1"
"2012-11-27T00:00:00.000","76","VALLE DEL CAUCA","76364","JAMUNDI","1"
"2012-11-29T00:00:00.000","76","VALLE DEL CAUCA","76364","JAMUNDI","2"
"2012-11-30T00:00:00.000","76","VALLE DEL CAUCA","76364","JAMUNDI","1"
"2012-12-01T00:00:00.000","76","VALLE DEL CAUCA","76364","JAMUNDI","1"
"2012-12-02T00:00:00.000","76","VALLE DEL CAUCA","76364","JAMUNDI","1"
"2012-12-04T00:00:00.000","76","VALLE DEL CAUCA","76364","JAMUNDI","1"
"2012-12-06T00:00:00.000","76","VALLE DEL CAUCA","76364","JAMUNDI","1"
"2012-12-10T00:00:00.000","76","VALLE DEL CAUCA","76364","JAMUNDI","2"
"2012-12-11T00:00:00.000","76","VALLE DEL CAUCA","76364","JAMUNDI","1"
"2012-12-19T00:00:00.000","76","VALLE DEL CAUCA","76364","JAMUNDI","2"
"2012-12-20T00:00:00.000","76","VALLE DEL CAUCA","76364","JAMUNDI","1"
"2012-12-21T00:00:00.000","76","VALLE DEL CAUCA","76364","JAMUNDI","1"
"2012-12-23T00:00:00.000","76","VALLE DEL CAUCA","76364","JAMUNDI","3"
"2012-12-24T00:00:00.000","76","VALLE DEL CAUCA","76364","JAMUNDI","2"
"2012-12-26T00:00:00.000","76","VALLE DEL CAUCA","76364","JAMUNDI","1"
"2012-12-28T00:00:00.000","76","VALLE DEL CAUCA","76364","JAMUNDI","3"
"2012-12-31T00:00:00.000","76","VALLE DEL CAUCA","76364","JAMUNDI","1"
"2013-01-01T00:00:00.000","76","VALLE DEL CAUCA","76364","JAMUNDI","1"
"2013-01-03T00:00:00.000","76","VALLE DEL CAUCA","76364","JAMUNDI","1"
"2013-01-11T00:00:00.000","76","VALLE DEL CAUCA","76364","JAMUNDI","1"
"2013-01-13T00:00:00.000","76","VALLE DEL CAUCA","76364","JAMUNDI","1"
"2013-01-14T00:00:00.000","76","VALLE DEL CAUCA","76364","JAMUNDI","1"
"2013-01-15T00:00:00.000","76","VALLE DEL CAUCA","76364","JAMUNDI","1"
"2013-01-18T00:00:00.000","76","VALLE DEL CAUCA","76364","JAMUNDI","1"
"2013-01-21T00:00:00.000","76","VALLE DEL CAUCA","76364","JAMUNDI","2"
"2013-01-23T00:00:00.000","76","VALLE DEL CAUCA","76364","JAMUNDI","1"
"2013-01-24T00:00:00.000","76","VALLE DEL CAUCA","76364","JAMUNDI","1"
"2013-01-28T00:00:00.000","76","VALLE DEL CAUCA","76364","JAMUNDI","1"
"2013-01-31T00:00:00.000","76","VALLE DEL CAUCA","76364","JAMUNDI","1"
"2013-02-02T00:00:00.000","76","VALLE DEL CAUCA","76364","JAMUNDI","2"
"2013-02-03T00:00:00.000","76","VALLE DEL CAUCA","76364","JAMUNDI","1"
"2013-02-04T00:00:00.000","76","VALLE DEL CAUCA","76364","JAMUNDI","1"
"2013-02-07T00:00:00.000","76","VALLE DEL CAUCA","76364","JAMUNDI","1"
"2013-02-08T00:00:00.000","76","VALLE DEL CAUCA","76364","JAMUNDI","1"
"2013-02-09T00:00:00.000","76","VALLE DEL CAUCA","76364","JAMUNDI","1"
"2013-02-13T00:00:00.000","76","VALLE DEL CAUCA","76364","JAMUNDI","2"
"2013-02-15T00:00:00.000","76","VALLE DEL CAUCA","76364","JAMUNDI","1"
"2013-02-16T00:00:00.000","76","VALLE DEL CAUCA","76364","JAMUNDI","1"
"2013-02-18T00:00:00.000","76","VALLE DEL CAUCA","76364","JAMUNDI","1"
"2013-02-19T00:00:00.000","76","VALLE DEL CAUCA","76364","JAMUNDI","1"
"2013-03-06T00:00:00.000","76","VALLE DEL CAUCA","76364","JAMUNDI","1"
"2013-03-07T00:00:00.000","76","VALLE DEL CAUCA","76364","JAMUNDI","1"
"2013-03-14T00:00:00.000","76","VALLE DEL CAUCA","76364","JAMUNDI","3"
"2013-03-16T00:00:00.000","76","VALLE DEL CAUCA","76364","JAMUNDI","1"
"2013-03-20T00:00:00.000","76","VALLE DEL CAUCA","76364","JAMUNDI","2"
"2013-03-21T00:00:00.000","76","VALLE DEL CAUCA","76364","JAMUNDI","1"
"2013-03-23T00:00:00.000","76","VALLE DEL CAUCA","76364","JAMUNDI","1"
"2013-03-30T00:00:00.000","76","VALLE DEL CAUCA","76364","JAMUNDI","1"
"2013-04-02T00:00:00.000","76","VALLE DEL CAUCA","76364","JAMUNDI","2"
"2013-04-03T00:00:00.000","76","VALLE DEL CAUCA","76364","JAMUNDI","3"
"2013-04-06T00:00:00.000","76","VALLE DEL CAUCA","76364","JAMUNDI","3"
"2013-04-08T00:00:00.000","76","VALLE DEL CAUCA","76364","JAMUNDI","1"
"2013-04-11T00:00:00.000","76","VALLE DEL CAUCA","76364","JAMUNDI","1"
"2013-04-15T00:00:00.000","76","VALLE DEL CAUCA","76364","JAMUNDI","1"
"2013-04-18T00:00:00.000","76","VALLE DEL CAUCA","76364","JAMUNDI","1"
"2013-04-22T00:00:00.000","76","VALLE DEL CAUCA","76364","JAMUNDI","2"
"2013-04-24T00:00:00.000","76","VALLE DEL CAUCA","76364","JAMUNDI","1"
"2013-04-25T00:00:00.000","76","VALLE DEL CAUCA","76364","JAMUNDI","1"
"2013-04-26T00:00:00.000","76","VALLE DEL CAUCA","76364","JAMUNDI","1"
"2013-04-27T00:00:00.000","76","VALLE DEL CAUCA","76364","JAMUNDI","1"
"2013-04-29T00:00:00.000","76","VALLE DEL CAUCA","76364","JAMUNDI","2"
"2013-05-02T00:00:00.000","76","VALLE DEL CAUCA","76364","JAMUNDI","1"
"2013-05-05T00:00:00.000","76","VALLE DEL CAUCA","76364","JAMUNDI","2"
"2013-05-06T00:00:00.000","76","VALLE DEL CAUCA","76364","JAMUNDI","2"
"2013-05-07T00:00:00.000","76","VALLE DEL CAUCA","76364","JAMUNDI","3"
"2013-05-08T00:00:00.000","76","VALLE DEL CAUCA","76364","JAMUNDI","1"
"2013-05-09T00:00:00.000","76","VALLE DEL CAUCA","76364","JAMUNDI","1"
"2013-05-11T00:00:00.000","76","VALLE DEL CAUCA","76364","JAMUNDI","2"
"2013-05-12T00:00:00.000","76","VALLE DEL CAUCA","76364","JAMUNDI","1"
"2013-05-14T00:00:00.000","76","VALLE DEL CAUCA","76364","JAMUNDI","2"
"2013-05-18T00:00:00.000","76","VALLE DEL CAUCA","76364","JAMUNDI","1"
"2013-05-21T00:00:00.000","76","VALLE DEL CAUCA","76364","JAMUNDI","1"
"2013-05-22T00:00:00.000","76","VALLE DEL CAUCA","76364","JAMUNDI","2"
"2013-05-26T00:00:00.000","76","VALLE DEL CAUCA","76364","JAMUNDI","1"
"2013-05-28T00:00:00.000","76","VALLE DEL CAUCA","76364","JAMUNDI","1"
"2013-05-31T00:00:00.000","76","VALLE DEL CAUCA","76364","JAMUNDI","1"
"2013-06-01T00:00:00.000","76","VALLE DEL CAUCA","76364","JAMUNDI","1"
"2013-06-02T00:00:00.000","76","VALLE DEL CAUCA","76364","JAMUNDI","1"
"2013-06-03T00:00:00.000","76","VALLE DEL CAUCA","76364","JAMUNDI","1"
"2013-06-05T00:00:00.000","76","VALLE DEL CAUCA","76364","JAMUNDI","1"
"2013-06-08T00:00:00.000","76","VALLE DEL CAUCA","76364","JAMUNDI","2"
"2013-06-10T00:00:00.000","76","VALLE DEL CAUCA","76364","JAMUNDI","1"
"2013-06-11T00:00:00.000","76","VALLE DEL CAUCA","76364","JAMUNDI","3"
"2013-06-13T00:00:00.000","76","VALLE DEL CAUCA","76364","JAMUNDI","1"
"2013-06-15T00:00:00.000","76","VALLE DEL CAUCA","76364","JAMUNDI","1"
"2013-06-18T00:00:00.000","76","VALLE DEL CAUCA","76364","JAMUNDI","1"
"2013-06-19T00:00:00.000","76","VALLE DEL CAUCA","76364","JAMUNDI","1"
"2013-06-22T00:00:00.000","76","VALLE DEL CAUCA","76364","JAMUNDI","1"
"2013-06-24T00:00:00.000","76","VALLE DEL CAUCA","76364","JAMUNDI","1"
"2013-06-25T00:00:00.000","76","VALLE DEL CAUCA","76364","JAMUNDI","1"
"2013-06-26T00:00:00.000","76","VALLE DEL CAUCA","76364","JAMUNDI","1"
"2013-06-29T00:00:00.000","76","VALLE DEL CAUCA","76364","JAMUNDI","1"
"2013-07-01T00:00:00.000","76","VALLE DEL CAUCA","76364","JAMUNDI","1"
"2013-07-03T00:00:00.000","76","VALLE DEL CAUCA","76364","JAMUNDI","2"
"2013-07-04T00:00:00.000","76","VALLE DEL CAUCA","76364","JAMUNDI","1"
"2013-07-05T00:00:00.000","76","VALLE DEL CAUCA","76364","JAMUNDI","1"
"2013-07-07T00:00:00.000","76","VALLE DEL CAUCA","76364","JAMUNDI","1"
"2013-07-08T00:00:00.000","76","VALLE DEL CAUCA","76364","JAMUNDI","1"
"2013-07-15T00:00:00.000","76","VALLE DEL CAUCA","76364","JAMUNDI","2"
"2013-07-17T00:00:00.000","76","VALLE DEL CAUCA","76364","JAMUNDI","2"
"2013-07-19T00:00:00.000","76","VALLE DEL CAUCA","76364","JAMUNDI","1"
"2013-07-20T00:00:00.000","76","VALLE DEL CAUCA","76364","JAMUNDI","2"
"2013-07-22T00:00:00.000","76","VALLE DEL CAUCA","76364","JAMUNDI","1"
"2013-07-23T00:00:00.000","76","VALLE DEL CAUCA","76364","JAMUNDI","1"
"2013-07-27T00:00:00.000","76","VALLE DEL CAUCA","76364","JAMUNDI","2"
"2013-07-29T00:00:00.000","76","VALLE DEL CAUCA","76364","JAMUNDI","1"
"2013-07-30T00:00:00.000","76","VALLE DEL CAUCA","76364","JAMUNDI","1"
"2013-07-31T00:00:00.000","76","VALLE DEL CAUCA","76364","JAMUNDI","1"
"2013-08-01T00:00:00.000","76","VALLE DEL CAUCA","76364","JAMUNDI","1"
"2013-08-02T00:00:00.000","76","VALLE DEL CAUCA","76364","JAMUNDI","1"
"2013-08-05T00:00:00.000","76","VALLE DEL CAUCA","76364","JAMUNDI","1"
"2013-08-08T00:00:00.000","76","VALLE DEL CAUCA","76364","JAMUNDI","2"
"2013-08-10T00:00:00.000","76","VALLE DEL CAUCA","76364","JAMUNDI","2"
"2013-08-13T00:00:00.000","76","VALLE DEL CAUCA","76364","JAMUNDI","1"
"2013-08-14T00:00:00.000","76","VALLE DEL CAUCA","76364","JAMUNDI","1"
"2013-08-18T00:00:00.000","76","VALLE DEL CAUCA","76364","JAMUNDI","1"
"2013-08-22T00:00:00.000","76","VALLE DEL CAUCA","76364","JAMUNDI","1"
"2013-08-24T00:00:00.000","76","VALLE DEL CAUCA","76364","JAMUNDI","1"
"2013-08-26T00:00:00.000","76","VALLE DEL CAUCA","76364","JAMUNDI","1"
"2013-08-31T00:00:00.000","76","VALLE DEL CAUCA","76364","JAMUNDI","1"
"2013-09-01T00:00:00.000","76","VALLE DEL CAUCA","76364","JAMUNDI","2"
"2013-09-03T00:00:00.000","76","VALLE DEL CAUCA","76364","JAMUNDI","1"
"2013-09-05T00:00:00.000","76","VALLE DEL CAUCA","76364","JAMUNDI","3"
"2013-09-06T00:00:00.000","76","VALLE DEL CAUCA","76364","JAMUNDI","1"
"2013-09-07T00:00:00.000","76","VALLE DEL CAUCA","76364","JAMUNDI","1"
"2013-09-08T00:00:00.000","76","VALLE DEL CAUCA","76364","JAMUNDI","1"
"2013-09-09T00:00:00.000","76","VALLE DEL CAUCA","76364","JAMUNDI","1"
"2013-09-10T00:00:00.000","76","VALLE DEL CAUCA","76364","JAMUNDI","1"
"2013-09-12T00:00:00.000","76","VALLE DEL CAUCA","76364","JAMUNDI","2"
"2013-09-16T00:00:00.000","76","VALLE DEL CAUCA","76364","JAMUNDI","2"
"2013-09-18T00:00:00.000","76","VALLE DEL CAUCA","76364","JAMUNDI","1"
"2013-09-19T00:00:00.000","76","VALLE DEL CAUCA","76364","JAMUNDI","1"
"2013-09-20T00:00:00.000","76","VALLE DEL CAUCA","76364","JAMUNDI","1"
"2013-09-23T00:00:00.000","76","VALLE DEL CAUCA","76364","JAMUNDI","1"
"2013-09-26T00:00:00.000","76","VALLE DEL CAUCA","76364","JAMUNDI","1"
"2013-09-28T00:00:00.000","76","VALLE DEL CAUCA","76364","JAMUNDI","1"
"2013-09-30T00:00:00.000","76","VALLE DEL CAUCA","76364","JAMUNDI","1"
"2013-10-02T00:00:00.000","76","VALLE DEL CAUCA","76364","JAMUNDI","2"
"2013-10-04T00:00:00.000","76","VALLE DEL CAUCA","76364","JAMUNDI","2"
"2013-10-07T00:00:00.000","76","VALLE DEL CAUCA","76364","JAMUNDI","3"
"2013-10-10T00:00:00.000","76","VALLE DEL CAUCA","76364","JAMUNDI","1"
"2013-10-11T00:00:00.000","76","VALLE DEL CAUCA","76364","JAMUNDI","1"
"2013-10-12T00:00:00.000","76","VALLE DEL CAUCA","76364","JAMUNDI","1"
"2013-10-13T00:00:00.000","76","VALLE DEL CAUCA","76364","JAMUNDI","1"
"2013-10-17T00:00:00.000","76","VALLE DEL CAUCA","76364","JAMUNDI","1"
"2013-10-19T00:00:00.000","76","VALLE DEL CAUCA","76364","JAMUNDI","2"
"2013-10-21T00:00:00.000","76","VALLE DEL CAUCA","76364","JAMUNDI","1"
"2013-10-23T00:00:00.000","76","VALLE DEL CAUCA","76364","JAMUNDI","1"
"2013-10-25T00:00:00.000","76","VALLE DEL CAUCA","76364","JAMUNDI","1"
"2013-10-30T00:00:00.000","76","VALLE DEL CAUCA","76364","JAMUNDI","1"
"2013-10-31T00:00:00.000","76","VALLE DEL CAUCA","76364","JAMUNDI","1"
"2013-11-01T00:00:00.000","76","VALLE DEL CAUCA","76364","JAMUNDI","2"
"2013-11-04T00:00:00.000","76","VALLE DEL CAUCA","76364","JAMUNDI","1"
"2013-11-07T00:00:00.000","76","VALLE DEL CAUCA","76364","JAMUNDI","4"
"2013-11-10T00:00:00.000","76","VALLE DEL CAUCA","76364","JAMUNDI","1"
"2013-11-11T00:00:00.000","76","VALLE DEL CAUCA","76364","JAMUNDI","1"
"2013-11-14T00:00:00.000","76","VALLE DEL CAUCA","76364","JAMUNDI","1"
"2013-11-15T00:00:00.000","76","VALLE DEL CAUCA","76364","JAMUNDI","3"
"2013-11-16T00:00:00.000","76","VALLE DEL CAUCA","76364","JAMUNDI","2"
"2013-11-18T00:00:00.000","76","VALLE DEL CAUCA","76364","JAMUNDI","1"
"2013-11-19T00:00:00.000","76","VALLE DEL CAUCA","76364","JAMUNDI","1"
"2013-11-21T00:00:00.000","76","VALLE DEL CAUCA","76364","JAMUNDI","1"
"2013-11-23T00:00:00.000","76","VALLE DEL CAUCA","76364","JAMUNDI","2"
"2013-11-28T00:00:00.000","76","VALLE DEL CAUCA","76364","JAMUNDI","1"
"2013-12-04T00:00:00.000","76","VALLE DEL CAUCA","76364","JAMUNDI","1"
"2013-12-05T00:00:00.000","76","VALLE DEL CAUCA","76364","JAMUNDI","2"
"2013-12-06T00:00:00.000","76","VALLE DEL CAUCA","76364","JAMUNDI","1"
"2013-12-08T00:00:00.000","76","VALLE DEL CAUCA","76364","JAMUNDI","1"
"2013-12-12T00:00:00.000","76","VALLE DEL CAUCA","76364","JAMUNDI","1"
"2013-12-15T00:00:00.000","76","VALLE DEL CAUCA","76364","JAMUNDI","1"
"2013-12-16T00:00:00.000","76","VALLE DEL CAUCA","76364","JAMUNDI","1"
"2013-12-18T00:00:00.000","76","VALLE DEL CAUCA","76364","JAMUNDI","2"
"2013-12-19T00:00:00.000","76","VALLE DEL CAUCA","76364","JAMUNDI","2"
"2013-12-21T00:00:00.000","76","VALLE DEL CAUCA","76364","JAMUNDI","1"
"2014-01-03T00:00:00.000","76","VALLE DEL CAUCA","76364","JAMUNDI","1"
"2014-01-04T00:00:00.000","76","VALLE DEL CAUCA","76364","JAMUNDI","2"
"2014-01-08T00:00:00.000","76","VALLE DEL CAUCA","76364","JAMUNDI","3"
"2014-01-09T00:00:00.000","76","VALLE DEL CAUCA","76364","JAMUNDI","1"
"2014-01-10T00:00:00.000","76","VALLE DEL CAUCA","76364","JAMUNDI","1"
"2014-01-11T00:00:00.000","76","VALLE DEL CAUCA","76364","JAMUNDI","1"
"2014-01-14T00:00:00.000","76","VALLE DEL CAUCA","76364","JAMUNDI","1"
"2014-01-15T00:00:00.000","76","VALLE DEL CAUCA","76364","JAMUNDI","1"
"2014-01-16T00:00:00.000","76","VALLE DEL CAUCA","76364","JAMUNDI","1"
"2014-01-17T00:00:00.000","76","VALLE DEL CAUCA","76364","JAMUNDI","1"
"2014-01-18T00:00:00.000","76","VALLE DEL CAUCA","76364","JAMUNDI","1"
"2014-01-19T00:00:00.000","76","VALLE DEL CAUCA","76364","JAMUNDI","1"
"2014-01-20T00:00:00.000","76","VALLE DEL CAUCA","76364","JAMUNDI","3"
"2014-01-21T00:00:00.000","76","VALLE DEL CAUCA","76364","JAMUNDI","1"
"2014-01-22T00:00:00.000","76","VALLE DEL CAUCA","76364","JAMUNDI","2"
"2014-01-24T00:00:00.000","76","VALLE DEL CAUCA","76364","JAMUNDI","1"
"2014-01-25T00:00:00.000","76","VALLE DEL CAUCA","76364","JAMUNDI","2"
"2014-01-30T00:00:00.000","76","VALLE DEL CAUCA","76364","JAMUNDI","2"
"2014-01-31T00:00:00.000","76","VALLE DEL CAUCA","76364","JAMUNDI","1"
"2014-02-05T00:00:00.000","76","VALLE DEL CAUCA","76364","JAMUNDI","1"
"2014-02-06T00:00:00.000","76","VALLE DEL CAUCA","76364","JAMUNDI","2"
"2014-02-08T00:00:00.000","76","VALLE DEL CAUCA","76364","JAMUNDI","1"
"2014-02-09T00:00:00.000","76","VALLE DEL CAUCA","76364","JAMUNDI","1"
"2014-02-10T00:00:00.000","76","VALLE DEL CAUCA","76364","JAMUNDI","1"
"2014-02-12T00:00:00.000","76","VALLE DEL CAUCA","76364","JAMUNDI","2"
"2014-02-13T00:00:00.000","76","VALLE DEL CAUCA","76364","JAMUNDI","2"
"2014-02-14T00:00:00.000","76","VALLE DEL CAUCA","76364","JAMUNDI","1"
"2014-02-19T00:00:00.000","76","VALLE DEL CAUCA","76364","JAMUNDI","1"
"2014-02-20T00:00:00.000","76","VALLE DEL CAUCA","76364","JAMUNDI","1"
"2014-02-22T00:00:00.000","76","VALLE DEL CAUCA","76364","JAMUNDI","1"
"2014-02-26T00:00:00.000","76","VALLE DEL CAUCA","76364","JAMUNDI","1"
"2014-03-04T00:00:00.000","76","VALLE DEL CAUCA","76364","JAMUNDI","1"
"2014-03-05T00:00:00.000","76","VALLE DEL CAUCA","76364","JAMUNDI","1"
"2014-03-06T00:00:00.000","76","VALLE DEL CAUCA","76364","JAMUNDI","1"
"2014-03-07T00:00:00.000","76","VALLE DEL CAUCA","76364","JAMUNDI","1"
"2014-03-08T00:00:00.000","76","VALLE DEL CAUCA","76364","JAMUNDI","1"
"2014-03-12T00:00:00.000","76","VALLE DEL CAUCA","76364","JAMUNDI","1"
"2014-03-13T00:00:00.000","76","VALLE DEL CAUCA","76364","JAMUNDI","1"
"2014-03-18T00:00:00.000","76","VALLE DEL CAUCA","76364","JAMUNDI","2"
"2014-03-20T00:00:00.000","76","VALLE DEL CAUCA","76364","JAMUNDI","1"
"2014-03-27T00:00:00.000","76","VALLE DEL CAUCA","76364","JAMUNDI","1"
"2014-04-02T00:00:00.000","76","VALLE DEL CAUCA","76364","JAMUNDI","2"
"2014-04-03T00:00:00.000","76","VALLE DEL CAUCA","76364","JAMUNDI","3"
"2014-04-04T00:00:00.000","76","VALLE DEL CAUCA","76364","JAMUNDI","1"
"2014-04-05T00:00:00.000","76","VALLE DEL CAUCA","76364","JAMUNDI","1"
"2014-04-07T00:00:00.000","76","VALLE DEL CAUCA","76364","JAMUNDI","1"
"2014-04-08T00:00:00.000","76","VALLE DEL CAUCA","76364","JAMUNDI","1"
"2014-04-11T00:00:00.000","76","VALLE DEL CAUCA","76364","JAMUNDI","2"
"2014-04-13T00:00:00.000","76","VALLE DEL CAUCA","76364","JAMUNDI","1"
"2014-04-15T00:00:00.000","76","VALLE DEL CAUCA","76364","JAMUNDI","2"
"2014-04-16T00:00:00.000","76","VALLE DEL CAUCA","76364","JAMUNDI","1"
"2014-04-20T00:00:00.000","76","VALLE DEL CAUCA","76364","JAMUNDI","2"
"2014-04-21T00:00:00.000","76","VALLE DEL CAUCA","76364","JAMUNDI","1"
"2014-04-22T00:00:00.000","76","VALLE DEL CAUCA","76364","JAMUNDI","1"
"2014-04-29T00:00:00.000","76","VALLE DEL CAUCA","76364","JAMUNDI","1"
"2014-04-30T00:00:00.000","76","VALLE DEL CAUCA","76364","JAMUNDI","1"
"2014-05-01T00:00:00.000","76","VALLE DEL CAUCA","76364","JAMUNDI","1"
"2014-05-03T00:00:00.000","76","VALLE DEL CAUCA","76364","JAMUNDI","4"
"2014-05-10T00:00:00.000","76","VALLE DEL CAUCA","76364","JAMUNDI","2"
"2014-05-14T00:00:00.000","76","VALLE DEL CAUCA","76364","JAMUNDI","3"
"2014-05-16T00:00:00.000","76","VALLE DEL CAUCA","76364","JAMUNDI","1"
"2014-05-18T00:00:00.000","76","VALLE DEL CAUCA","76364","JAMUNDI","1"
"2014-05-19T00:00:00.000","76","VALLE DEL CAUCA","76364","JAMUNDI","2"
"2014-05-21T00:00:00.000","76","VALLE DEL CAUCA","76364","JAMUNDI","1"
"2014-05-22T00:00:00.000","76","VALLE DEL CAUCA","76364","JAMUNDI","1"
"2014-05-23T00:00:00.000","76","VALLE DEL CAUCA","76364","JAMUNDI","1"
"2014-05-24T00:00:00.000","76","VALLE DEL CAUCA","76364","JAMUNDI","1"
"2014-05-27T00:00:00.000","76","VALLE DEL CAUCA","76364","JAMUNDI","1"
"2014-05-28T00:00:00.000","76","VALLE DEL CAUCA","76364","JAMUNDI","1"
"2014-05-29T00:00:00.000","76","VALLE DEL CAUCA","76364","JAMUNDI","2"
"2014-05-30T00:00:00.000","76","VALLE DEL CAUCA","76364","JAMUNDI","1"
"2014-05-31T00:00:00.000","76","VALLE DEL CAUCA","76364","JAMUNDI","1"
"2014-06-01T00:00:00.000","76","VALLE DEL CAUCA","76364","JAMUNDI","1"
"2014-06-05T00:00:00.000","76","VALLE DEL CAUCA","76364","JAMUNDI","1"
"2014-06-07T00:00:00.000","76","VALLE DEL CAUCA","76364","JAMUNDI","1"
"2014-06-10T00:00:00.000","76","VALLE DEL CAUCA","76364","JAMUNDI","2"
"2014-06-11T00:00:00.000","76","VALLE DEL CAUCA","76364","JAMUNDI","1"
"2014-06-17T00:00:00.000","76","VALLE DEL CAUCA","76364","JAMUNDI","1"
"2014-06-26T00:00:00.000","76","VALLE DEL CAUCA","76364","JAMUNDI","1"
"2014-06-27T00:00:00.000","76","VALLE DEL CAUCA","76364","JAMUNDI","2"
"2014-07-03T00:00:00.000","76","VALLE DEL CAUCA","76364","JAMUNDI","3"
"2014-07-22T00:00:00.000","76","VALLE DEL CAUCA","76364","JAMUNDI","2"
"2014-07-23T00:00:00.000","76","VALLE DEL CAUCA","76364","JAMUNDI","1"
"2014-07-24T00:00:00.000","76","VALLE DEL CAUCA","76364","JAMUNDI","2"
"2014-07-25T00:00:00.000","76","VALLE DEL CAUCA","76364","JAMUNDI","1"
"2014-07-29T00:00:00.000","76","VALLE DEL CAUCA","76364","JAMUNDI","2"
