"fecha_hecho","cod_depto","departamento","cod_muni","municipio","accion","cantidad"
"2017-06-10T00:00:00.000","76","VALLE DEL CAUCA","76364","JAMUNDI","HERIDO","1"
"2017-01-29T00:00:00.000","76","VALLE DEL CAUCA","76364","JAMUNDI","HERIDO","2"
"2021-05-26T00:00:00.000","76","VALLE DEL CAUCA","76364","JAMUNDI","HERIDO","4"
"2014-09-13T00:00:00.000","76","VALLE DEL CAUCA","76364","JAMUNDI","HERIDO","3"
"2014-11-29T00:00:00.000","76","VALLE DEL CAUCA","76364","JAMUNDI","HERIDO","3"
"2011-02-13T00:00:00.000","76","VALLE DEL CAUCA","76364","JAMUNDI","HERIDO","1"
"2012-04-15T00:00:00.000","76","VALLE DEL CAUCA","76364","JAMUNDI","HERIDO","1"
"2018-10-13T00:00:00.000","76","VALLE DEL CAUCA","76364","JAMUNDI","HERIDO","1"
"2013-04-12T00:00:00.000","76","VALLE DEL CAUCA","76364","JAMUNDI","HERIDO","1"
"2012-06-21T00:00:00.000","76","VALLE DEL CAUCA","76364","JAMUNDI","HERIDO","1"
"2025-04-15T00:00:00.000","76","VALLE DEL CAUCA","76364","JAMUNDI","HERIDO","3"
"2012-02-11T00:00:00.000","76","VALLE DEL CAUCA","76364","JAMUNDI","HERIDO","1"
"2025-08-06T00:00:00.000","76","VALLE DEL CAUCA","76364","JAMUNDI","HERIDO","1"
"2024-10-16T00:00:00.000","76","VALLE DEL CAUCA","76364","JAMUNDI","HERIDO","1"
"2010-11-15T00:00:00.000","76","VALLE DEL CAUCA","76364","JAMUNDI","ASESINADO","2"
"2012-12-22T00:00:00.000","76","VALLE DEL CAUCA","76364","JAMUNDI","HERIDO","2"
"2016-06-30T00:00:00.000","76","VALLE DEL CAUCA","76364","JAMUNDI","HERIDO","1"
"2025-04-15T00:00:00.000","76","VALLE DEL CAUCA","76364","JAMUNDI","ASESINADO","1"
"2017-10-21T00:00:00.000","76","VALLE DEL CAUCA","76364","JAMUNDI","HERIDO","1"
"2018-01-04T00:00:00.000","76","VALLE DEL CAUCA","76364","JAMUNDI","HERIDO","1"
"2018-08-26T00:00:00.000","76","VALLE DEL CAUCA","76364","JAMUNDI","HERIDO","1"
"2010-09-16T00:00:00.000","76","VALLE DEL CAUCA","76364","JAMUNDI","HERIDO","1"
"2015-11-25T00:00:00.000","76","VALLE DEL CAUCA","76364","JAMUNDI","HERIDO","1"
"2015-03-02T00:00:00.000","76","VALLE DEL CAUCA","76364","JAMUNDI","HERIDO","1"
"2011-02-22T00:00:00.000","76","VALLE DEL CAUCA","76364","JAMUNDI","HERIDO","1"
"2021-06-20T00:00:00.000","76","VALLE DEL CAUCA","76364","JAMUNDI","HERIDO","1"
"2011-08-14T00:00:00.000","76","VALLE DEL CAUCA","76364","JAMUNDI","ASESINADO","1"
"2014-03-22T00:00:00.000","76","VALLE DEL CAUCA","76364","JAMUNDI","HERIDO","1"
"2025-07-10T00:00:00.000","76","VALLE DEL CAUCA","76364","JAMUNDI","ASESINADO","1"
"2013-12-09T00:00:00.000","76","VALLE DEL CAUCA","76364","JAMUNDI","ASESINADO","1"
"2020-11-19T00:00:00.000","76","VALLE DEL CAUCA","76364","JAMUNDI","HERIDO","1"
"2014-11-29T00:00:00.000","76","VALLE DEL CAUCA","76364","JAMUNDI","HERIDO","1"
"2023-07-19T00:00:00.000","76","VALLE DEL CAUCA","76364","JAMUNDI","HERIDO","2"
"2018-11-19T00:00:00.000","76","VALLE DEL CAUCA","76364","JAMUNDI","HERIDO","1"
"2012-02-11T00:00:00.000","76","VALLE DEL CAUCA","76364","JAMUNDI","HERIDO","8"
"2012-02-11T00:00:00.000","76","VALLE DEL CAUCA","76364","JAMUNDI","HERIDO","2"
"2015-09-12T00:00:00.000","76","VALLE DEL CAUCA","76364","JAMUNDI","HERIDO","1"
"2014-01-17T00:00:00.000","76","VALLE DEL CAUCA","76364","JAMUNDI","HERIDO","1"
"2011-08-14T00:00:00.000","76","VALLE DEL CAUCA","76364","JAMUNDI","HERIDO","1"
"2025-06-10T00:00:00.000","76","VALLE DEL CAUCA","76364","JAMUNDI","HERIDO","3"
"2018-02-26T00:00:00.000","76","VALLE DEL CAUCA","76364","JAMUNDI","HERIDO","1"
"2024-11-08T00:00:00.000","76","VALLE DEL CAUCA","76364","JAMUNDI","HERIDO","1"
"2024-12-07T00:00:00.000","76","VALLE DEL CAUCA","76364","JAMUNDI","ASESINADO","1"
"2014-07-18T00:00:00.000","76","VALLE DEL CAUCA","76364","JAMUNDI","HERIDO","1"
"2014-09-17T00:00:00.000","76","VALLE DEL CAUCA","76364","JAMUNDI","HERIDO","1"
"2021-05-27T00:00:00.000","76","VALLE DEL CAUCA","76364","JAMUNDI","HERIDO","1"
"2016-12-09T00:00:00.000","76","VALLE DEL CAUCA","76364","JAMUNDI","HERIDO","1"
"2024-07-17T00:00:00.000","76","VALLE DEL CAUCA","76364","JAMUNDI","HERIDO","2"
"2020-09-05T00:00:00.000","76","VALLE DEL CAUCA","76364","JAMUNDI","HERIDO","1"
"2017-10-21T00:00:00.000","76","VALLE DEL CAUCA","76364","JAMUNDI","HERIDO","3"
"2012-02-14T00:00:00.000","76","VALLE DEL CAUCA","76364","JAMUNDI","HERIDO","1"
"2013-11-18T00:00:00.000","76","VALLE DEL CAUCA","76364","JAMUNDI","HERIDO","1"
"2013-11-18T00:00:00.000","76","VALLE DEL CAUCA","76364","JAMUNDI","HERIDO","1"
"2022-09-17T00:00:00.000","76","VALLE DEL CAUCA","76364","JAMUNDI","ASESINADO","1"
"2011-08-11T00:00:00.000","76","VALLE DEL CAUCA","76364","JAMUNDI","HERIDO","2"
"2024-07-19T00:00:00.000","76","VALLE DEL CAUCA","76364","JAMUNDI","HERIDO","1"
"2025-04-15T00:00:00.000","76","VALLE DEL CAUCA","76364","JAMUNDI","HERIDO","1"
"2015-02-13T00:00:00.000","76","VALLE DEL CAUCA","76364","JAMUNDI","HERIDO","3"
"2018-09-24T00:00:00.000","76","VALLE DEL CAUCA","76364","JAMUNDI","HERIDO","1"
"2014-05-14T00:00:00.000","76","VALLE DEL CAUCA","76364","JAMUNDI","HERIDO","1"
"2018-12-16T00:00:00.000","76","VALLE DEL CAUCA","76364","JAMUNDI","HERIDO","1"
"2017-03-23T00:00:00.000","76","VALLE DEL CAUCA","76364","JAMUNDI","HERIDO","3"
"2025-03-12T00:00:00.000","76","VALLE DEL CAUCA","76364","JAMUNDI","ASESINADO","1"
"2018-12-15T00:00:00.000","76","VALLE DEL CAUCA","76364","JAMUNDI","HERIDO","1"
"2012-02-11T00:00:00.000","76","VALLE DEL CAUCA","76364","JAMUNDI","ASESINADO","3"
"2021-10-04T00:00:00.000","76","VALLE DEL CAUCA","76364","JAMUNDI","HERIDO","1"
"2024-06-12T00:00:00.000","76","VALLE DEL CAUCA","76364","JAMUNDI","HERIDO","2"
"2011-08-11T00:00:00.000","76","VALLE DEL CAUCA","76364","JAMUNDI","HERIDO","2"
"2017-11-26T00:00:00.000","76","VALLE DEL CAUCA","76364","JAMUNDI","HERIDO","1"
"2010-08-31T00:00:00.000","76","VALLE DEL CAUCA","76364","JAMUNDI","HERIDO","1"
"2013-12-14T00:00:00.000","76","VALLE DEL CAUCA","76364","JAMUNDI","HERIDO","1"
"2015-05-09T00:00:00.000","76","VALLE DEL CAUCA","76364","JAMUNDI","HERIDO","2"
"2016-12-26T00:00:00.000","76","VALLE DEL CAUCA","76364","JAMUNDI","HERIDO","1"
"2019-11-30T00:00:00.000","76","VALLE DEL CAUCA","76364","JAMUNDI","HERIDO","1"
"2021-05-27T00:00:00.000","76","VALLE DEL CAUCA","76364","JAMUNDI","HERIDO","1"
"2016-12-18T00:00:00.000","76","VALLE DEL CAUCA","76364","JAMUNDI","HERIDO","1"
"2019-02-10T00:00:00.000","76","VALLE DEL CAUCA","76364","JAMUNDI","HERIDO","1"
"2011-01-02T00:00:00.000","76","VALLE DEL CAUCA","76364","JAMUNDI","ASESINADO","1"
"2018-01-12T00:00:00.000","76","VALLE DEL CAUCA","76364","JAMUNDI","HERIDO","1"
"2020-08-02T00:00:00.000","76","VALLE DEL CAUCA","76364","JAMUNDI","HERIDO","1"
"2018-11-19T00:00:00.000","76","VALLE DEL CAUCA","76364","JAMUNDI","HERIDO","1"
"2021-01-10T00:00:00.000","76","VALLE DEL CAUCA","76364","JAMUNDI","HERIDO","1"
"2023-09-10T00:00:00.000","76","VALLE DEL CAUCA","76364","JAMUNDI","HERIDO","1"
"2021-10-21T00:00:00.000","76","VALLE DEL CAUCA","76364","JAMUNDI","HERIDO","1"
"2015-05-30T00:00:00.000","76","VALLE DEL CAUCA","76364","JAMUNDI","HERIDO","1"
"2024-07-20T00:00:00.000","76","VALLE DEL CAUCA","76364","JAMUNDI","HERIDO","3"
"2011-08-11T00:00:00.000","76","VALLE DEL CAUCA","76364","JAMUNDI","ASESINADO","1"
"2016-11-22T00:00:00.000","76","VALLE DEL CAUCA","76364","JAMUNDI","HERIDO","1"
"2017-10-22T00:00:00.000","76","VALLE DEL CAUCA","76364","JAMUNDI","HERIDO","1"
"2019-10-28T00:00:00.000","76","VALLE DEL CAUCA","76364","JAMUNDI","HERIDO","1"
"2024-12-23T00:00:00.000","76","VALLE DEL CAUCA","76364","JAMUNDI","HERIDO","1"
"2018-06-07T00:00:00.000","76","VALLE DEL CAUCA","76364","JAMUNDI","HERIDO","1"
"2024-05-20T00:00:00.000","76","VALLE DEL CAUCA","76364","JAMUNDI","HERIDO","2"
"2020-02-19T00:00:00.000","76","VALLE DEL CAUCA","76364","JAMUNDI","HERIDO","1"
"2011-05-30T00:00:00.000","76","VALLE DEL CAUCA","76364","JAMUNDI","HERIDO","2"
"2014-04-07T00:00:00.000","76","VALLE DEL CAUCA","76364","JAMUNDI","HERIDO","1"
"2017-10-01T00:00:00.000","76","VALLE DEL CAUCA","76364","JAMUNDI","HERIDO","1"
"2024-12-07T00:00:00.000","76","VALLE DEL CAUCA","76364","JAMUNDI","HERIDO","8"
"2010-11-15T00:00:00.000","76","VALLE DEL CAUCA","76364","JAMUNDI","ASESINADO","2"
"2017-01-27T00:00:00.000","76","VALLE DEL CAUCA","76364","JAMUNDI","HERIDO","1"
"2016-08-29T00:00:00.000","76","VALLE DEL CAUCA","76364","JAMUNDI","HERIDO","1"
"2019-02-12T00:00:00.000","76","VALLE DEL CAUCA","76364","JAMUNDI","HERIDO","1"
"2012-10-03T00:00:00.000","76","VALLE DEL CAUCA","76364","JAMUNDI","HERIDO","1"
"2021-04-29T00:00:00.000","76","VALLE DEL CAUCA","76364","JAMUNDI","HERIDO","1"
"2017-10-22T00:00:00.000","76","VALLE DEL CAUCA","76364","JAMUNDI","ASESINADO","1"
"2010-01-16T00:00:00.000","76","VALLE DEL CAUCA","76364","JAMUNDI","HERIDO","1"
"2019-04-05T00:00:00.000","76","VALLE DEL CAUCA","76364","JAMUNDI","HERIDO","1"
"2022-08-04T00:00:00.000","76","VALLE DEL CAUCA","76364","JAMUNDI","HERIDO","2"
"2020-12-11T00:00:00.000","76","VALLE DEL CAUCA","76364","JAMUNDI","ASESINADO","2"
"2024-06-23T00:00:00.000","76","VALLE DEL CAUCA","76364","JAMUNDI","HERIDO","3"
"2024-06-19T00:00:00.000","76","VALLE DEL CAUCA","76364","JAMUNDI","HERIDO","1"
"2022-04-22T00:00:00.000","76","VALLE DEL CAUCA","76364","JAMUNDI","HERIDO","1"
