"fecha_hecho","cod_depto","departamento","cod_muni","municipio","zona","cantidad"
"2004-02-06T00:00:00.000","76","VALLE DEL CAUCA","76364","JAMUNDI","URBANA","1"
"2004-06-28T00:00:00.000","76","VALLE DEL CAUCA","76364","JAMUNDI","URBANA","1"
"2004-07-04T00:00:00.000","76","VALLE DEL CAUCA","76364","JAMUNDI","RURAL","1"
"2004-07-27T00:00:00.000","76","VALLE DEL CAUCA","76364","JAMUNDI","URBANA","1"
"2004-08-26T00:00:00.000","76","VALLE DEL CAUCA","76364","JAMUNDI","URBANA","1"
"2004-09-11T00:00:00.000","76","VALLE DEL CAUCA","76364","JAMUNDI","URBANA","1"
"2004-10-29T00:00:00.000","76","VALLE DEL CAUCA","76364","JAMUNDI","RURAL","1"
"2004-11-04T00:00:00.000","76","VALLE DEL CAUCA","76364","JAMUNDI","RURAL","1"
"2004-11-07T00:00:00.000","76","VALLE DEL CAUCA","76364","JAMUNDI","RURAL","1"
"2004-11-16T00:00:00.000","76","VALLE DEL CAUCA","76364","JAMUNDI","RURAL","1"
"2005-02-02T00:00:00.000","76","VALLE DEL CAUCA","76364","JAMUNDI","URBANA","1"
"2005-04-21T00:00:00.000","76","VALLE DEL CAUCA","76364","JAMUNDI","URBANA","1"
"2005-04-27T00:00:00.000","76","VALLE DEL CAUCA","76364","JAMUNDI","URBANA","1"
"2005-04-27T00:00:00.000","76","VALLE DEL CAUCA","76364","JAMUNDI","RURAL","1"
"2005-06-08T00:00:00.000","76","VALLE DEL CAUCA","76364","JAMUNDI","RURAL","1"
"2005-06-17T00:00:00.000","76","VALLE DEL CAUCA","76364","JAMUNDI","URBANA","1"
"2005-07-08T00:00:00.000","76","VALLE DEL CAUCA","76364","JAMUNDI","RURAL","1"
"2005-07-10T00:00:00.000","76","VALLE DEL CAUCA","76364","JAMUNDI","URBANA","1"
"2005-08-04T00:00:00.000","76","VALLE DEL CAUCA","76364","JAMUNDI","RURAL","1"
"2005-08-08T00:00:00.000","76","VALLE DEL CAUCA","76364","JAMUNDI","RURAL","2"
"2005-09-21T00:00:00.000","76","VALLE DEL CAUCA","76364","JAMUNDI","URBANA","1"
"2005-11-05T00:00:00.000","76","VALLE DEL CAUCA","76364","JAMUNDI","RURAL","1"
"2006-04-12T00:00:00.000","76","VALLE DEL CAUCA","76364","JAMUNDI","RURAL","1"
"2006-04-16T00:00:00.000","76","VALLE DEL CAUCA","76364","JAMUNDI","RURAL","1"
"2006-04-25T00:00:00.000","76","VALLE DEL CAUCA","76364","JAMUNDI","RURAL","1"
"2006-05-10T00:00:00.000","76","VALLE DEL CAUCA","76364","JAMUNDI","RURAL","1"
"2006-07-16T00:00:00.000","76","VALLE DEL CAUCA","76364","JAMUNDI","RURAL","1"
"2006-07-16T00:00:00.000","76","VALLE DEL CAUCA","76364","JAMUNDI","URBANA","1"
"2006-07-18T00:00:00.000","76","VALLE DEL CAUCA","76364","JAMUNDI","URBANA","1"
"2006-08-02T00:00:00.000","76","VALLE DEL CAUCA","76364","JAMUNDI","URBANA","1"
"2006-08-29T00:00:00.000","76","VALLE DEL CAUCA","76364","JAMUNDI","URBANA","1"
"2006-10-01T00:00:00.000","76","VALLE DEL CAUCA","76364","JAMUNDI","RURAL","1"
"2006-10-15T00:00:00.000","76","VALLE DEL CAUCA","76364","JAMUNDI","RURAL","1"
"2006-12-08T00:00:00.000","76","VALLE DEL CAUCA","76364","JAMUNDI","URBANA","1"
"2007-01-21T00:00:00.000","76","VALLE DEL CAUCA","76364","JAMUNDI","URBANA","1"
"2007-01-23T00:00:00.000","76","VALLE DEL CAUCA","76364","JAMUNDI","URBANA","1"
"2007-04-14T00:00:00.000","76","VALLE DEL CAUCA","76364","JAMUNDI","URBANA","1"
"2007-04-26T00:00:00.000","76","VALLE DEL CAUCA","76364","JAMUNDI","URBANA","1"
"2007-05-22T00:00:00.000","76","VALLE DEL CAUCA","76364","JAMUNDI","URBANA","1"
"2007-06-24T00:00:00.000","76","VALLE DEL CAUCA","76364","JAMUNDI","URBANA","1"
"2007-06-27T00:00:00.000","76","VALLE DEL CAUCA","76364","JAMUNDI","URBANA","1"
"2007-07-09T00:00:00.000","76","VALLE DEL CAUCA","76364","JAMUNDI","URBANA","1"
"2007-07-31T00:00:00.000","76","VALLE DEL CAUCA","76364","JAMUNDI","RURAL","1"
"2007-08-09T00:00:00.000","76","VALLE DEL CAUCA","76364","JAMUNDI","URBANA","1"
"2007-08-20T00:00:00.000","76","VALLE DEL CAUCA","76364","JAMUNDI","URBANA","1"
"2007-08-22T00:00:00.000","76","VALLE DEL CAUCA","76364","JAMUNDI","URBANA","1"
"2007-09-01T00:00:00.000","76","VALLE DEL CAUCA","76364","JAMUNDI","URBANA","1"
"2007-09-03T00:00:00.000","76","VALLE DEL CAUCA","76364","JAMUNDI","URBANA","1"
"2007-09-04T00:00:00.000","76","VALLE DEL CAUCA","76364","JAMUNDI","URBANA","1"
"2007-09-05T00:00:00.000","76","VALLE DEL CAUCA","76364","JAMUNDI","URBANA","1"
"2007-09-06T00:00:00.000","76","VALLE DEL CAUCA","76364","JAMUNDI","URBANA","1"
"2007-09-06T00:00:00.000","76","VALLE DEL CAUCA","76364","JAMUNDI","URBANA","1"
"2007-09-07T00:00:00.000","76","VALLE DEL CAUCA","76364","JAMUNDI","RURAL","1"
"2007-09-07T00:00:00.000","76","VALLE DEL CAUCA","76364","JAMUNDI","URBANA","1"
"2007-09-16T00:00:00.000","76","VALLE DEL CAUCA","76364","JAMUNDI","URBANA","1"
"2007-09-21T00:00:00.000","76","VALLE DEL CAUCA","76364","JAMUNDI","URBANA","1"
"2007-09-22T00:00:00.000","76","VALLE DEL CAUCA","76364","JAMUNDI","URBANA","1"
"2007-09-25T00:00:00.000","76","VALLE DEL CAUCA","76364","JAMUNDI","URBANA","1"
"2008-01-01T00:00:00.000","76","VALLE DEL CAUCA","76364","JAMUNDI","URBANA","1"
"2008-02-01T00:00:00.000","76","VALLE DEL CAUCA","76364","JAMUNDI","URBANA","1"
"2008-02-29T00:00:00.000","76","VALLE DEL CAUCA","76364","JAMUNDI","RURAL","1"
"2008-03-02T00:00:00.000","76","VALLE DEL CAUCA","76364","JAMUNDI","URBANA","1"
"2008-03-09T00:00:00.000","76","VALLE DEL CAUCA","76364","JAMUNDI","RURAL","1"
"2008-03-11T00:00:00.000","76","VALLE DEL CAUCA","76364","JAMUNDI","RURAL","1"
"2008-03-24T00:00:00.000","76","VALLE DEL CAUCA","76364","JAMUNDI","URBANA","1"
"2008-04-04T00:00:00.000","76","VALLE DEL CAUCA","76364","JAMUNDI","URBANA","1"
"2008-04-07T00:00:00.000","76","VALLE DEL CAUCA","76364","JAMUNDI","RURAL","1"
"2008-04-18T00:00:00.000","76","VALLE DEL CAUCA","76364","JAMUNDI","URBANA","1"
"2008-04-26T00:00:00.000","76","VALLE DEL CAUCA","76364","JAMUNDI","URBANA","1"
"2008-05-09T00:00:00.000","76","VALLE DEL CAUCA","76364","JAMUNDI","URBANA","1"
"2008-05-26T00:00:00.000","76","VALLE DEL CAUCA","76364","JAMUNDI","URBANA","1"
"2008-06-01T00:00:00.000","76","VALLE DEL CAUCA","76364","JAMUNDI","URBANA","2"
"2008-06-04T00:00:00.000","76","VALLE DEL CAUCA","76364","JAMUNDI","URBANA","1"
"2008-06-06T00:00:00.000","76","VALLE DEL CAUCA","76364","JAMUNDI","URBANA","1"
"2008-06-14T00:00:00.000","76","VALLE DEL CAUCA","76364","JAMUNDI","URBANA","1"
"2008-06-17T00:00:00.000","76","VALLE DEL CAUCA","76364","JAMUNDI","URBANA","1"
"2008-06-20T00:00:00.000","76","VALLE DEL CAUCA","76364","JAMUNDI","URBANA","1"
"2008-07-04T00:00:00.000","76","VALLE DEL CAUCA","76364","JAMUNDI","RURAL","1"
"2008-07-13T00:00:00.000","76","VALLE DEL CAUCA","76364","JAMUNDI","RURAL","1"
"2008-07-14T00:00:00.000","76","VALLE DEL CAUCA","76364","JAMUNDI","RURAL","1"
"2008-07-15T00:00:00.000","76","VALLE DEL CAUCA","76364","JAMUNDI","URBANA","1"
"2008-07-20T00:00:00.000","76","VALLE DEL CAUCA","76364","JAMUNDI","RURAL","1"
"2008-07-28T00:00:00.000","76","VALLE DEL CAUCA","76364","JAMUNDI","RURAL","1"
"2008-08-03T00:00:00.000","76","VALLE DEL CAUCA","76364","JAMUNDI","RURAL","1"
"2008-08-10T00:00:00.000","76","VALLE DEL CAUCA","76364","JAMUNDI","URBANA","1"
"2008-08-11T00:00:00.000","76","VALLE DEL CAUCA","76364","JAMUNDI","URBANA","1"
"2008-08-15T00:00:00.000","76","VALLE DEL CAUCA","76364","JAMUNDI","URBANA","2"
"2008-08-21T00:00:00.000","76","VALLE DEL CAUCA","76364","JAMUNDI","URBANA","1"
"2008-08-26T00:00:00.000","76","VALLE DEL CAUCA","76364","JAMUNDI","URBANA","1"
"2008-08-28T00:00:00.000","76","VALLE DEL CAUCA","76364","JAMUNDI","RURAL","1"
"2008-08-28T00:00:00.000","76","VALLE DEL CAUCA","76364","JAMUNDI","URBANA","1"
"2008-09-01T00:00:00.000","76","VALLE DEL CAUCA","76364","JAMUNDI","URBANA","1"
"2008-09-03T00:00:00.000","76","VALLE DEL CAUCA","76364","JAMUNDI","URBANA","1"
"2008-09-10T00:00:00.000","76","VALLE DEL CAUCA","76364","JAMUNDI","RURAL","1"
"2008-09-16T00:00:00.000","76","VALLE DEL CAUCA","76364","JAMUNDI","URBANA","1"
"2008-09-18T00:00:00.000","76","VALLE DEL CAUCA","76364","JAMUNDI","URBANA","1"
"2008-09-24T00:00:00.000","76","VALLE DEL CAUCA","76364","JAMUNDI","RURAL","1"
"2008-09-24T00:00:00.000","76","VALLE DEL CAUCA","76364","JAMUNDI","RURAL","1"
"2008-10-03T00:00:00.000","76","VALLE DEL CAUCA","76364","JAMUNDI","URBANA","1"
"2008-10-06T00:00:00.000","76","VALLE DEL CAUCA","76364","JAMUNDI","URBANA","1"
"2008-10-06T00:00:00.000","76","VALLE DEL CAUCA","76364","JAMUNDI","URBANA","1"
"2008-10-09T00:00:00.000","76","VALLE DEL CAUCA","76364","JAMUNDI","URBANA","1"
"2008-11-03T00:00:00.000","76","VALLE DEL CAUCA","76364","JAMUNDI","URBANA","3"
"2008-11-04T00:00:00.000","76","VALLE DEL CAUCA","76364","JAMUNDI","URBANA","3"
"2008-12-02T00:00:00.000","76","VALLE DEL CAUCA","76364","JAMUNDI","RURAL","1"
"2008-12-05T00:00:00.000","76","VALLE DEL CAUCA","76364","JAMUNDI","RURAL","2"
"2008-12-09T00:00:00.000","76","VALLE DEL CAUCA","76364","JAMUNDI","URBANA","3"
"2009-01-01T00:00:00.000","76","VALLE DEL CAUCA","76364","JAMUNDI","URBANA","1"
"2009-01-04T00:00:00.000","76","VALLE DEL CAUCA","76364","JAMUNDI","RURAL","1"
"2009-01-12T00:00:00.000","76","VALLE DEL CAUCA","76364","JAMUNDI","RURAL","1"
"2009-02-12T00:00:00.000","76","VALLE DEL CAUCA","76364","JAMUNDI","URBANA","2"
"2009-02-15T00:00:00.000","76","VALLE DEL CAUCA","76364","JAMUNDI","URBANA","1"
"2009-05-01T00:00:00.000","76","VALLE DEL CAUCA","76364","JAMUNDI","URBANA","1"
"2009-05-02T00:00:00.000","76","VALLE DEL CAUCA","76364","JAMUNDI","URBANA","1"
"2009-05-31T00:00:00.000","76","VALLE DEL CAUCA","76364","JAMUNDI","URBANA","2"
"2009-06-09T00:00:00.000","76","VALLE DEL CAUCA","76364","JAMUNDI","URBANA","1"
"2009-07-13T00:00:00.000","76","VALLE DEL CAUCA","76364","JAMUNDI","URBANA","1"
"2009-07-16T00:00:00.000","76","VALLE DEL CAUCA","76364","JAMUNDI","URBANA","1"
"2009-08-11T00:00:00.000","76","VALLE DEL CAUCA","76364","JAMUNDI","URBANA","1"
"2009-08-12T00:00:00.000","76","VALLE DEL CAUCA","76364","JAMUNDI","URBANA","1"
"2009-08-28T00:00:00.000","76","VALLE DEL CAUCA","76364","JAMUNDI","URBANA","1"
"2009-09-27T00:00:00.000","76","VALLE DEL CAUCA","76364","JAMUNDI","URBANA","1"
"2009-10-29T00:00:00.000","76","VALLE DEL CAUCA","76364","JAMUNDI","URBANA","1"
"2009-11-11T00:00:00.000","76","VALLE DEL CAUCA","76364","JAMUNDI","URBANA","1"
"2010-01-01T00:00:00.000","76","VALLE DEL CAUCA","76364","JAMUNDI","RURAL","1"
"2010-01-03T00:00:00.000","76","VALLE DEL CAUCA","76364","JAMUNDI","URBANA","1"
"2010-01-20T00:00:00.000","76","VALLE DEL CAUCA","76364","JAMUNDI","RURAL","1"
"2010-02-13T00:00:00.000","76","VALLE DEL CAUCA","76364","JAMUNDI","URBANA","1"
"2010-04-09T00:00:00.000","76","VALLE DEL CAUCA","76364","JAMUNDI","URBANA","1"
"2010-06-02T00:00:00.000","76","VALLE DEL CAUCA","76364","JAMUNDI","URBANA","1"
"2010-06-20T00:00:00.000","76","VALLE DEL CAUCA","76364","JAMUNDI","URBANA","1"
"2010-07-02T00:00:00.000","76","VALLE DEL CAUCA","76364","JAMUNDI","URBANA","1"
"2010-08-30T00:00:00.000","76","VALLE DEL CAUCA","76364","JAMUNDI","URBANA","1"
"2010-09-05T00:00:00.000","76","VALLE DEL CAUCA","76364","JAMUNDI","URBANA","1"
"2010-09-10T00:00:00.000","76","VALLE DEL CAUCA","76364","JAMUNDI","URBANA","1"
"2010-09-22T00:00:00.000","76","VALLE DEL CAUCA","76364","JAMUNDI","URBANA","1"
"2010-09-25T00:00:00.000","76","VALLE DEL CAUCA","76364","JAMUNDI","URBANA","1"
"2010-09-26T00:00:00.000","76","VALLE DEL CAUCA","76364","JAMUNDI","URBANA","1"
"2010-09-26T00:00:00.000","76","VALLE DEL CAUCA","76364","JAMUNDI","URBANA","1"
"2010-09-28T00:00:00.000","76","VALLE DEL CAUCA","76364","JAMUNDI","URBANA","1"
"2011-01-24T00:00:00.000","76","VALLE DEL CAUCA","76364","JAMUNDI","URBANA","1"
"2011-02-13T00:00:00.000","76","VALLE DEL CAUCA","76364","JAMUNDI","URBANA","1"
"2011-02-22T00:00:00.000","76","VALLE DEL CAUCA","76364","JAMUNDI","URBANA","2"
"2011-02-28T00:00:00.000","76","VALLE DEL CAUCA","76364","JAMUNDI","URBANA","1"
"2011-03-10T00:00:00.000","76","VALLE DEL CAUCA","76364","JAMUNDI","URBANA","1"
"2011-03-31T00:00:00.000","76","VALLE DEL CAUCA","76364","JAMUNDI","URBANA","1"
"2011-04-06T00:00:00.000","76","VALLE DEL CAUCA","76364","JAMUNDI","URBANA","1"
"2011-05-07T00:00:00.000","76","VALLE DEL CAUCA","76364","JAMUNDI","URBANA","1"
"2011-05-07T00:00:00.000","76","VALLE DEL CAUCA","76364","JAMUNDI","URBANA","1"
"2011-05-10T00:00:00.000","76","VALLE DEL CAUCA","76364","JAMUNDI","URBANA","2"
"2011-05-23T00:00:00.000","76","VALLE DEL CAUCA","76364","JAMUNDI","URBANA","1"
"2011-05-28T00:00:00.000","76","VALLE DEL CAUCA","76364","JAMUNDI","URBANA","1"
"2011-05-29T00:00:00.000","76","VALLE DEL CAUCA","76364","JAMUNDI","URBANA","1"
"2011-06-03T00:00:00.000","76","VALLE DEL CAUCA","76364","JAMUNDI","URBANA","1"
"2011-06-06T00:00:00.000","76","VALLE DEL CAUCA","76364","JAMUNDI","URBANA","1"
"2011-07-16T00:00:00.000","76","VALLE DEL CAUCA","76364","JAMUNDI","RURAL","1"
"2011-07-17T00:00:00.000","76","VALLE DEL CAUCA","76364","JAMUNDI","URBANA","1"
"2011-08-14T00:00:00.000","76","VALLE DEL CAUCA","76364","JAMUNDI","URBANA","1"
"2011-08-18T00:00:00.000","76","VALLE DEL CAUCA","76364","JAMUNDI","URBANA","1"
"2011-08-22T00:00:00.000","76","VALLE DEL CAUCA","76364","JAMUNDI","URBANA","1"
"2011-08-24T00:00:00.000","76","VALLE DEL CAUCA","76364","JAMUNDI","URBANA","1"
"2011-08-27T00:00:00.000","76","VALLE DEL CAUCA","76364","JAMUNDI","URBANA","1"
"2011-08-28T00:00:00.000","76","VALLE DEL CAUCA","76364","JAMUNDI","URBANA","1"
"2011-10-10T00:00:00.000","76","VALLE DEL CAUCA","76364","JAMUNDI","URBANA","1"
"2011-11-22T00:00:00.000","76","VALLE DEL CAUCA","76364","JAMUNDI","URBANA","1"
"2012-01-01T00:00:00.000","76","VALLE DEL CAUCA","76364","JAMUNDI","URBANA","1"
"2012-01-03T00:00:00.000","76","VALLE DEL CAUCA","76364","JAMUNDI","URBANA","1"
"2012-01-09T00:00:00.000","76","VALLE DEL CAUCA","76364","JAMUNDI","URBANA","1"
"2012-01-12T00:00:00.000","76","VALLE DEL CAUCA","76364","JAMUNDI","URBANA","1"
"2012-01-14T00:00:00.000","76","VALLE DEL CAUCA","76364","JAMUNDI","RURAL","1"
"2012-01-15T00:00:00.000","76","VALLE DEL CAUCA","76364","JAMUNDI","URBANA","1"
"2012-01-18T00:00:00.000","76","VALLE DEL CAUCA","76364","JAMUNDI","URBANA","2"
"2012-02-20T00:00:00.000","76","VALLE DEL CAUCA","76364","JAMUNDI","URBANA","2"
"2012-02-27T00:00:00.000","76","VALLE DEL CAUCA","76364","JAMUNDI","URBANA","1"
"2012-03-08T00:00:00.000","76","VALLE DEL CAUCA","76364","JAMUNDI","URBANA","1"
"2012-03-25T00:00:00.000","76","VALLE DEL CAUCA","76364","JAMUNDI","URBANA","1"
"2012-04-03T00:00:00.000","76","VALLE DEL CAUCA","76364","JAMUNDI","URBANA","1"
"2012-07-02T00:00:00.000","76","VALLE DEL CAUCA","76364","JAMUNDI","URBANA","1"
"2012-07-09T00:00:00.000","76","VALLE DEL CAUCA","76364","JAMUNDI","RURAL","1"
"2012-09-02T00:00:00.000","76","VALLE DEL CAUCA","76364","JAMUNDI","URBANA","1"
"2012-09-03T00:00:00.000","76","VALLE DEL CAUCA","76364","JAMUNDI","URBANA","1"
"2012-10-09T00:00:00.000","76","VALLE DEL CAUCA","76364","JAMUNDI","URBANA","1"
"2012-10-23T00:00:00.000","76","VALLE DEL CAUCA","76364","JAMUNDI","URBANA","2"
"2012-10-25T00:00:00.000","76","VALLE DEL CAUCA","76364","JAMUNDI","URBANA","1"
"2012-10-27T00:00:00.000","76","VALLE DEL CAUCA","76364","JAMUNDI","URBANA","1"
"2012-10-28T00:00:00.000","76","VALLE DEL CAUCA","76364","JAMUNDI","URBANA","1"
"2012-11-04T00:00:00.000","76","VALLE DEL CAUCA","76364","JAMUNDI","RURAL","1"
"2012-11-05T00:00:00.000","76","VALLE DEL CAUCA","76364","JAMUNDI","RURAL","1"
"2012-11-10T00:00:00.000","76","VALLE DEL CAUCA","76364","JAMUNDI","RURAL","1"
"2012-11-19T00:00:00.000","76","VALLE DEL CAUCA","76364","JAMUNDI","URBANA","1"
"2012-11-21T00:00:00.000","76","VALLE DEL CAUCA","76364","JAMUNDI","URBANA","1"
"2012-11-24T00:00:00.000","76","VALLE DEL CAUCA","76364","JAMUNDI","URBANA","2"
"2012-11-26T00:00:00.000","76","VALLE DEL CAUCA","76364","JAMUNDI","URBANA","1"
"2012-11-26T00:00:00.000","76","VALLE DEL CAUCA","76364","JAMUNDI","URBANA","1"
"2012-11-29T00:00:00.000","76","VALLE DEL CAUCA","76364","JAMUNDI","URBANA","1"
"2012-12-04T00:00:00.000","76","VALLE DEL CAUCA","76364","JAMUNDI","RURAL","1"
"2012-12-05T00:00:00.000","76","VALLE DEL CAUCA","76364","JAMUNDI","URBANA","1"
"2012-12-06T00:00:00.000","76","VALLE DEL CAUCA","76364","JAMUNDI","URBANA","1"
"2012-12-11T00:00:00.000","76","VALLE DEL CAUCA","76364","JAMUNDI","URBANA","1"
"2012-12-12T00:00:00.000","76","VALLE DEL CAUCA","76364","JAMUNDI","RURAL","1"
"2012-12-15T00:00:00.000","76","VALLE DEL CAUCA","76364","JAMUNDI","URBANA","1"
"2012-12-16T00:00:00.000","76","VALLE DEL CAUCA","76364","JAMUNDI","URBANA","1"
"2012-12-23T00:00:00.000","76","VALLE DEL CAUCA","76364","JAMUNDI","RURAL","1"
"2012-12-24T00:00:00.000","76","VALLE DEL CAUCA","76364","JAMUNDI","URBANA","2"
"2012-12-26T00:00:00.000","76","VALLE DEL CAUCA","76364","JAMUNDI","RURAL","1"
"2012-12-29T00:00:00.000","76","VALLE DEL CAUCA","76364","JAMUNDI","URBANA","1"
"2013-01-04T00:00:00.000","76","VALLE DEL CAUCA","76364","JAMUNDI","RURAL","1"
"2013-01-04T00:00:00.000","76","VALLE DEL CAUCA","76364","JAMUNDI","URBANA","1"
"2013-01-07T00:00:00.000","76","VALLE DEL CAUCA","76364","JAMUNDI","URBANA","1"
"2013-01-09T00:00:00.000","76","VALLE DEL CAUCA","76364","JAMUNDI","URBANA","1"
"2013-01-18T00:00:00.000","76","VALLE DEL CAUCA","76364","JAMUNDI","URBANA","1"
"2013-01-19T00:00:00.000","76","VALLE DEL CAUCA","76364","JAMUNDI","URBANA","1"
"2013-01-20T00:00:00.000","76","VALLE DEL CAUCA","76364","JAMUNDI","RURAL","1"
"2013-01-25T00:00:00.000","76","VALLE DEL CAUCA","76364","JAMUNDI","URBANA","1"
"2013-01-28T00:00:00.000","76","VALLE DEL CAUCA","76364","JAMUNDI","URBANA","1"
"2013-01-30T00:00:00.000","76","VALLE DEL CAUCA","76364","JAMUNDI","URBANA","1"
"2013-02-03T00:00:00.000","76","VALLE DEL CAUCA","76364","JAMUNDI","URBANA","2"
"2013-02-12T00:00:00.000","76","VALLE DEL CAUCA","76364","JAMUNDI","URBANA","1"
"2013-02-14T00:00:00.000","76","VALLE DEL CAUCA","76364","JAMUNDI","URBANA","1"
"2013-02-19T00:00:00.000","76","VALLE DEL CAUCA","76364","JAMUNDI","URBANA","2"
"2013-02-20T00:00:00.000","76","VALLE DEL CAUCA","76364","JAMUNDI","URBANA","1"
"2013-02-24T00:00:00.000","76","VALLE DEL CAUCA","76364","JAMUNDI","URBANA","1"
"2013-02-26T00:00:00.000","76","VALLE DEL CAUCA","76364","JAMUNDI","URBANA","1"
"2013-03-01T00:00:00.000","76","VALLE DEL CAUCA","76364","JAMUNDI","URBANA","1"
"2013-03-07T00:00:00.000","76","VALLE DEL CAUCA","76364","JAMUNDI","URBANA","2"
"2013-03-08T00:00:00.000","76","VALLE DEL CAUCA","76364","JAMUNDI","RURAL","1"
"2013-03-20T00:00:00.000","76","VALLE DEL CAUCA","76364","JAMUNDI","URBANA","1"
"2013-04-09T00:00:00.000","76","VALLE DEL CAUCA","76364","JAMUNDI","URBANA","1"
"2013-05-07T00:00:00.000","76","VALLE DEL CAUCA","76364","JAMUNDI","URBANA","1"
"2013-05-13T00:00:00.000","76","VALLE DEL CAUCA","76364","JAMUNDI","URBANA","1"
"2013-05-14T00:00:00.000","76","VALLE DEL CAUCA","76364","JAMUNDI","URBANA","2"
"2013-05-14T00:00:00.000","76","VALLE DEL CAUCA","76364","JAMUNDI","URBANA","1"
"2013-05-17T00:00:00.000","76","VALLE DEL CAUCA","76364","JAMUNDI","URBANA","1"
"2013-05-27T00:00:00.000","76","VALLE DEL CAUCA","76364","JAMUNDI","URBANA","1"
"2013-06-01T00:00:00.000","76","VALLE DEL CAUCA","76364","JAMUNDI","URBANA","1"
"2013-06-03T00:00:00.000","76","VALLE DEL CAUCA","76364","JAMUNDI","URBANA","1"
"2013-06-04T00:00:00.000","76","VALLE DEL CAUCA","76364","JAMUNDI","URBANA","1"
"2013-06-05T00:00:00.000","76","VALLE DEL CAUCA","76364","JAMUNDI","URBANA","1"
"2013-06-06T00:00:00.000","76","VALLE DEL CAUCA","76364","JAMUNDI","URBANA","1"
"2013-06-16T00:00:00.000","76","VALLE DEL CAUCA","76364","JAMUNDI","URBANA","1"
"2013-06-19T00:00:00.000","76","VALLE DEL CAUCA","76364","JAMUNDI","URBANA","1"
"2013-06-20T00:00:00.000","76","VALLE DEL CAUCA","76364","JAMUNDI","URBANA","1"
"2013-06-22T00:00:00.000","76","VALLE DEL CAUCA","76364","JAMUNDI","URBANA","1"
"2013-06-23T00:00:00.000","76","VALLE DEL CAUCA","76364","JAMUNDI","URBANA","1"
"2013-07-01T00:00:00.000","76","VALLE DEL CAUCA","76364","JAMUNDI","URBANA","1"
"2013-07-03T00:00:00.000","76","VALLE DEL CAUCA","76364","JAMUNDI","URBANA","1"
"2013-07-08T00:00:00.000","76","VALLE DEL CAUCA","76364","JAMUNDI","URBANA","1"
"2013-07-13T00:00:00.000","76","VALLE DEL CAUCA","76364","JAMUNDI","URBANA","1"
"2013-07-29T00:00:00.000","76","VALLE DEL CAUCA","76364","JAMUNDI","URBANA","1"
"2013-08-18T00:00:00.000","76","VALLE DEL CAUCA","76364","JAMUNDI","URBANA","1"
"2013-08-21T00:00:00.000","76","VALLE DEL CAUCA","76364","JAMUNDI","URBANA","1"
"2013-08-30T00:00:00.000","76","VALLE DEL CAUCA","76364","JAMUNDI","URBANA","2"
"2013-09-02T00:00:00.000","76","VALLE DEL CAUCA","76364","JAMUNDI","URBANA","1"
"2013-09-14T00:00:00.000","76","VALLE DEL CAUCA","76364","JAMUNDI","RURAL","1"
"2013-09-20T00:00:00.000","76","VALLE DEL CAUCA","76364","JAMUNDI","URBANA","1"
"2013-09-22T00:00:00.000","76","VALLE DEL CAUCA","76364","JAMUNDI","URBANA","2"
"2013-09-23T00:00:00.000","76","VALLE DEL CAUCA","76364","JAMUNDI","URBANA","1"
"2013-09-28T00:00:00.000","76","VALLE DEL CAUCA","76364","JAMUNDI","RURAL","1"
"2013-10-02T00:00:00.000","76","VALLE DEL CAUCA","76364","JAMUNDI","URBANA","1"
"2013-10-05T00:00:00.000","76","VALLE DEL CAUCA","76364","JAMUNDI","RURAL","1"
"2013-10-05T00:00:00.000","76","VALLE DEL CAUCA","76364","JAMUNDI","URBANA","1"
"2013-10-07T00:00:00.000","76","VALLE DEL CAUCA","76364","JAMUNDI","URBANA","1"
"2013-10-20T00:00:00.000","76","VALLE DEL CAUCA","76364","JAMUNDI","URBANA","1"
"2013-11-12T00:00:00.000","76","VALLE DEL CAUCA","76364","JAMUNDI","URBANA","1"
"2013-11-16T00:00:00.000","76","VALLE DEL CAUCA","76364","JAMUNDI","URBANA","1"
"2013-11-17T00:00:00.000","76","VALLE DEL CAUCA","76364","JAMUNDI","URBANA","1"
"2014-01-01T00:00:00.000","76","VALLE DEL CAUCA","76364","JAMUNDI","URBANA","1"
"2014-01-10T00:00:00.000","76","VALLE DEL CAUCA","76364","JAMUNDI","URBANA","1"
"2014-01-13T00:00:00.000","76","VALLE DEL CAUCA","76364","JAMUNDI","URBANA","1"
"2014-01-25T00:00:00.000","76","VALLE DEL CAUCA","76364","JAMUNDI","URBANA","1"
"2014-01-28T00:00:00.000","76","VALLE DEL CAUCA","76364","JAMUNDI","URBANA","1"
"2014-01-29T00:00:00.000","76","VALLE DEL CAUCA","76364","JAMUNDI","URBANA","1"
"2014-02-03T00:00:00.000","76","VALLE DEL CAUCA","76364","JAMUNDI","URBANA","1"
"2014-02-10T00:00:00.000","76","VALLE DEL CAUCA","76364","JAMUNDI","URBANA","1"
"2014-02-16T00:00:00.000","76","VALLE DEL CAUCA","76364","JAMUNDI","RURAL","1"
"2014-02-23T00:00:00.000","76","VALLE DEL CAUCA","76364","JAMUNDI","RURAL","1"
"2014-02-28T00:00:00.000","76","VALLE DEL CAUCA","76364","JAMUNDI","URBANA","1"
"2014-03-06T00:00:00.000","76","VALLE DEL CAUCA","76364","JAMUNDI","URBANA","1"
"2014-03-15T00:00:00.000","76","VALLE DEL CAUCA","76364","JAMUNDI","URBANA","1"
"2014-03-18T00:00:00.000","76","VALLE DEL CAUCA","76364","JAMUNDI","URBANA","2"
"2014-03-26T00:00:00.000","76","VALLE DEL CAUCA","76364","JAMUNDI","URBANA","1"
"2014-04-05T00:00:00.000","76","VALLE DEL CAUCA","76364","JAMUNDI","RURAL","1"
"2014-04-08T00:00:00.000","76","VALLE DEL CAUCA","76364","JAMUNDI","URBANA","1"
"2014-04-20T00:00:00.000","76","VALLE DEL CAUCA","76364","JAMUNDI","URBANA","1"
"2014-05-02T00:00:00.000","76","VALLE DEL CAUCA","76364","JAMUNDI","URBANA","1"
"2014-05-06T00:00:00.000","76","VALLE DEL CAUCA","76364","JAMUNDI","URBANA","1"
"2014-05-09T00:00:00.000","76","VALLE DEL CAUCA","76364","JAMUNDI","RURAL","1"
"2014-05-12T00:00:00.000","76","VALLE DEL CAUCA","76364","JAMUNDI","URBANA","1"
"2014-05-19T00:00:00.000","76","VALLE DEL CAUCA","76364","JAMUNDI","URBANA","1"
"2014-05-25T00:00:00.000","76","VALLE DEL CAUCA","76364","JAMUNDI","URBANA","1"
"2014-06-01T00:00:00.000","76","VALLE DEL CAUCA","76364","JAMUNDI","URBANA","1"
"2014-06-08T00:00:00.000","76","VALLE DEL CAUCA","76364","JAMUNDI","URBANA","1"
"2014-06-10T00:00:00.000","76","VALLE DEL CAUCA","76364","JAMUNDI","URBANA","1"
"2014-06-11T00:00:00.000","76","VALLE DEL CAUCA","76364","JAMUNDI","URBANA","1"
"2014-06-18T00:00:00.000","76","VALLE DEL CAUCA","76364","JAMUNDI","URBANA","1"
"2014-06-21T00:00:00.000","76","VALLE DEL CAUCA","76364","JAMUNDI","URBANA","1"
"2014-06-29T00:00:00.000","76","VALLE DEL CAUCA","76364","JAMUNDI","RURAL","1"
"2014-07-15T00:00:00.000","76","VALLE DEL CAUCA","76364","JAMUNDI","URBANA","1"
"2014-07-21T00:00:00.000","76","VALLE DEL CAUCA","76364","JAMUNDI","RURAL","1"
"2014-07-24T00:00:00.000","76","VALLE DEL CAUCA","76364","JAMUNDI","URBANA","1"
"2014-07-27T00:00:00.000","76","VALLE DEL CAUCA","76364","JAMUNDI","URBANA","1"
"2014-07-30T00:00:00.000","76","VALLE DEL CAUCA","76364","JAMUNDI","URBANA","1"
"2014-07-31T00:00:00.000","76","VALLE DEL CAUCA","76364","JAMUNDI","URBANA","1"
"2014-07-31T00:00:00.000","76","VALLE DEL CAUCA","76364","JAMUNDI","URBANA","1"
"2014-08-16T00:00:00.000","76","VALLE DEL CAUCA","76364","JAMUNDI","URBANA","1"
"2014-08-18T00:00:00.000","76","VALLE DEL CAUCA","76364","JAMUNDI","URBANA","2"
"2014-08-19T00:00:00.000","76","VALLE DEL CAUCA","76364","JAMUNDI","URBANA","1"
"2014-08-29T00:00:00.000","76","VALLE DEL CAUCA","76364","JAMUNDI","URBANA","1"
"2014-08-30T00:00:00.000","76","VALLE DEL CAUCA","76364","JAMUNDI","URBANA","1"
"2014-08-31T00:00:00.000","76","VALLE DEL CAUCA","76364","JAMUNDI","URBANA","1"
"2014-09-03T00:00:00.000","76","VALLE DEL CAUCA","76364","JAMUNDI","URBANA","1"
"2014-09-10T00:00:00.000","76","VALLE DEL CAUCA","76364","JAMUNDI","URBANA","1"
"2014-09-14T00:00:00.000","76","VALLE DEL CAUCA","76364","JAMUNDI","URBANA","3"
"2014-09-29T00:00:00.000","76","VALLE DEL CAUCA","76364","JAMUNDI","URBANA","1"
"2014-10-03T00:00:00.000","76","VALLE DEL CAUCA","76364","JAMUNDI","URBANA","1"
"2014-10-19T00:00:00.000","76","VALLE DEL CAUCA","76364","JAMUNDI","URBANA","1"
"2014-10-22T00:00:00.000","76","VALLE DEL CAUCA","76364","JAMUNDI","URBANA","1"
"2014-10-26T00:00:00.000","76","VALLE DEL CAUCA","76364","JAMUNDI","URBANA","1"
"2014-10-28T00:00:00.000","76","VALLE DEL CAUCA","76364","JAMUNDI","URBANA","1"
"2014-11-01T00:00:00.000","76","VALLE DEL CAUCA","76364","JAMUNDI","URBANA","1"
"2014-11-02T00:00:00.000","76","VALLE DEL CAUCA","76364","JAMUNDI","URBANA","1"
"2014-11-04T00:00:00.000","76","VALLE DEL CAUCA","76364","JAMUNDI","URBANA","1"
"2014-11-10T00:00:00.000","76","VALLE DEL CAUCA","76364","JAMUNDI","URBANA","1"
"2014-12-24T00:00:00.000","76","VALLE DEL CAUCA","76364","JAMUNDI","URBANA","1"
"2015-01-12T00:00:00.000","76","VALLE DEL CAUCA","76364","JAMUNDI","URBANA","1"
"2015-01-13T00:00:00.000","76","VALLE DEL CAUCA","76364","JAMUNDI","URBANA","1"
"2015-01-16T00:00:00.000","76","VALLE DEL CAUCA","76364","JAMUNDI","URBANA","1"
"2015-01-24T00:00:00.000","76","VALLE DEL CAUCA","76364","JAMUNDI","URBANA","1"
"2015-01-26T00:00:00.000","76","VALLE DEL CAUCA","76364","JAMUNDI","URBANA","1"
"2015-02-03T00:00:00.000","76","VALLE DEL CAUCA","76364","JAMUNDI","URBANA","1"
"2015-02-21T00:00:00.000","76","VALLE DEL CAUCA","76364","JAMUNDI","URBANA","1"
"2015-02-28T00:00:00.000","76","VALLE DEL CAUCA","76364","JAMUNDI","URBANA","1"
"2015-03-04T00:00:00.000","76","VALLE DEL CAUCA","76364","JAMUNDI","URBANA","3"
"2015-03-05T00:00:00.000","76","VALLE DEL CAUCA","76364","JAMUNDI","URBANA","1"
"2015-03-14T00:00:00.000","76","VALLE DEL CAUCA","76364","JAMUNDI","RURAL","1"
"2015-03-15T00:00:00.000","76","VALLE DEL CAUCA","76364","JAMUNDI","URBANA","1"
"2015-03-18T00:00:00.000","76","VALLE DEL CAUCA","76364","JAMUNDI","URBANA","1"
"2015-03-25T00:00:00.000","76","VALLE DEL CAUCA","76364","JAMUNDI","URBANA","1"
"2015-04-02T00:00:00.000","76","VALLE DEL CAUCA","76364","JAMUNDI","URBANA","1"
"2015-04-11T00:00:00.000","76","VALLE DEL CAUCA","76364","JAMUNDI","URBANA","1"
"2015-04-12T00:00:00.000","76","VALLE DEL CAUCA","76364","JAMUNDI","URBANA","1"
"2015-04-13T00:00:00.000","76","VALLE DEL CAUCA","76364","JAMUNDI","RURAL","1"
"2015-04-15T00:00:00.000","76","VALLE DEL CAUCA","76364","JAMUNDI","RURAL","1"
"2015-04-21T00:00:00.000","76","VALLE DEL CAUCA","76364","JAMUNDI","URBANA","1"
"2015-04-22T00:00:00.000","76","VALLE DEL CAUCA","76364","JAMUNDI","URBANA","1"
"2015-04-23T00:00:00.000","76","VALLE DEL CAUCA","76364","JAMUNDI","URBANA","1"
"2015-04-25T00:00:00.000","76","VALLE DEL CAUCA","76364","JAMUNDI","URBANA","1"
"2015-04-26T00:00:00.000","76","VALLE DEL CAUCA","76364","JAMUNDI","URBANA","1"
"2015-04-27T00:00:00.000","76","VALLE DEL CAUCA","76364","JAMUNDI","URBANA","4"
"2015-05-06T00:00:00.000","76","VALLE DEL CAUCA","76364","JAMUNDI","URBANA","1"
"2015-05-10T00:00:00.000","76","VALLE DEL CAUCA","76364","JAMUNDI","URBANA","1"
"2015-05-12T00:00:00.000","76","VALLE DEL CAUCA","76364","JAMUNDI","URBANA","1"
"2015-05-12T00:00:00.000","76","VALLE DEL CAUCA","76364","JAMUNDI","URBANA","1"
"2015-05-13T00:00:00.000","76","VALLE DEL CAUCA","76364","JAMUNDI","URBANA","2"
"2015-05-20T00:00:00.000","76","VALLE DEL CAUCA","76364","JAMUNDI","URBANA","1"
"2015-05-21T00:00:00.000","76","VALLE DEL CAUCA","76364","JAMUNDI","URBANA","2"
"2015-05-24T00:00:00.000","76","VALLE DEL CAUCA","76364","JAMUNDI","URBANA","1"
"2015-05-26T00:00:00.000","76","VALLE DEL CAUCA","76364","JAMUNDI","URBANA","1"
"2015-05-27T00:00:00.000","76","VALLE DEL CAUCA","76364","JAMUNDI","URBANA","1"
"2015-06-02T00:00:00.000","76","VALLE DEL CAUCA","76364","JAMUNDI","URBANA","2"
"2015-06-03T00:00:00.000","76","VALLE DEL CAUCA","76364","JAMUNDI","URBANA","1"
"2015-06-03T00:00:00.000","76","VALLE DEL CAUCA","76364","JAMUNDI","URBANA","1"
"2015-06-06T00:00:00.000","76","VALLE DEL CAUCA","76364","JAMUNDI","RURAL","1"
"2015-06-07T00:00:00.000","76","VALLE DEL CAUCA","76364","JAMUNDI","URBANA","1"
"2015-06-07T00:00:00.000","76","VALLE DEL CAUCA","76364","JAMUNDI","URBANA","1"
"2015-06-09T00:00:00.000","76","VALLE DEL CAUCA","76364","JAMUNDI","URBANA","1"
"2015-06-11T00:00:00.000","76","VALLE DEL CAUCA","76364","JAMUNDI","URBANA","2"
"2015-06-12T00:00:00.000","76","VALLE DEL CAUCA","76364","JAMUNDI","URBANA","1"
"2015-06-12T00:00:00.000","76","VALLE DEL CAUCA","76364","JAMUNDI","RURAL","1"
"2015-06-13T00:00:00.000","76","VALLE DEL CAUCA","76364","JAMUNDI","URBANA","1"
"2015-06-14T00:00:00.000","76","VALLE DEL CAUCA","76364","JAMUNDI","URBANA","1"
"2015-06-14T00:00:00.000","76","VALLE DEL CAUCA","76364","JAMUNDI","RURAL","1"
"2015-06-21T00:00:00.000","76","VALLE DEL CAUCA","76364","JAMUNDI","URBANA","1"
"2015-06-24T00:00:00.000","76","VALLE DEL CAUCA","76364","JAMUNDI","URBANA","1"
"2015-06-26T00:00:00.000","76","VALLE DEL CAUCA","76364","JAMUNDI","URBANA","1"
"2015-07-02T00:00:00.000","76","VALLE DEL CAUCA","76364","JAMUNDI","URBANA","1"
"2015-07-12T00:00:00.000","76","VALLE DEL CAUCA","76364","JAMUNDI","URBANA","1"
"2015-07-16T00:00:00.000","76","VALLE DEL CAUCA","76364","JAMUNDI","URBANA","1"
"2015-07-19T00:00:00.000","76","VALLE DEL CAUCA","76364","JAMUNDI","RURAL","1"
"2015-07-20T00:00:00.000","76","VALLE DEL CAUCA","76364","JAMUNDI","RURAL","1"
"2015-07-20T00:00:00.000","76","VALLE DEL CAUCA","76364","JAMUNDI","URBANA","1"
"2015-07-23T00:00:00.000","76","VALLE DEL CAUCA","76364","JAMUNDI","URBANA","1"
"2015-07-24T00:00:00.000","76","VALLE DEL CAUCA","76364","JAMUNDI","URBANA","1"
"2015-07-31T00:00:00.000","76","VALLE DEL CAUCA","76364","JAMUNDI","URBANA","1"
"2015-08-01T00:00:00.000","76","VALLE DEL CAUCA","76364","JAMUNDI","URBANA","1"
"2015-08-05T00:00:00.000","76","VALLE DEL CAUCA","76364","JAMUNDI","RURAL","1"
"2015-08-06T00:00:00.000","76","VALLE DEL CAUCA","76364","JAMUNDI","URBANA","2"
"2015-08-08T00:00:00.000","76","VALLE DEL CAUCA","76364","JAMUNDI","URBANA","1"
"2015-08-09T00:00:00.000","76","VALLE DEL CAUCA","76364","JAMUNDI","URBANA","1"
"2015-08-10T00:00:00.000","76","VALLE DEL CAUCA","76364","JAMUNDI","URBANA","2"
"2015-08-10T00:00:00.000","76","VALLE DEL CAUCA","76364","JAMUNDI","RURAL","1"
"2015-08-22T00:00:00.000","76","VALLE DEL CAUCA","76364","JAMUNDI","URBANA","1"
"2015-08-23T00:00:00.000","76","VALLE DEL CAUCA","76364","JAMUNDI","URBANA","1"
"2015-08-23T00:00:00.000","76","VALLE DEL CAUCA","76364","JAMUNDI","RURAL","1"
"2015-08-24T00:00:00.000","76","VALLE DEL CAUCA","76364","JAMUNDI","URBANA","1"
"2015-08-29T00:00:00.000","76","VALLE DEL CAUCA","76364","JAMUNDI","URBANA","1"
"2015-08-31T00:00:00.000","76","VALLE DEL CAUCA","76364","JAMUNDI","URBANA","1"
"2015-09-06T00:00:00.000","76","VALLE DEL CAUCA","76364","JAMUNDI","URBANA","3"
"2015-09-06T00:00:00.000","76","VALLE DEL CAUCA","76364","JAMUNDI","RURAL","1"
"2015-09-08T00:00:00.000","76","VALLE DEL CAUCA","76364","JAMUNDI","URBANA","1"
"2015-09-09T00:00:00.000","76","VALLE DEL CAUCA","76364","JAMUNDI","URBANA","1"
"2015-09-25T00:00:00.000","76","VALLE DEL CAUCA","76364","JAMUNDI","URBANA","1"
"2015-10-05T00:00:00.000","76","VALLE DEL CAUCA","76364","JAMUNDI","URBANA","1"
"2015-10-15T00:00:00.000","76","VALLE DEL CAUCA","76364","JAMUNDI","URBANA","2"
"2015-10-21T00:00:00.000","76","VALLE DEL CAUCA","76364","JAMUNDI","URBANA","1"
"2015-10-28T00:00:00.000","76","VALLE DEL CAUCA","76364","JAMUNDI","URBANA","1"
"2015-10-31T00:00:00.000","76","VALLE DEL CAUCA","76364","JAMUNDI","URBANA","1"
"2015-11-01T00:00:00.000","76","VALLE DEL CAUCA","76364","JAMUNDI","URBANA","1"
"2015-11-01T00:00:00.000","76","VALLE DEL CAUCA","76364","JAMUNDI","RURAL","1"
"2015-11-14T00:00:00.000","76","VALLE DEL CAUCA","76364","JAMUNDI","RURAL","1"
"2015-11-16T00:00:00.000","76","VALLE DEL CAUCA","76364","JAMUNDI","URBANA","2"
"2015-11-25T00:00:00.000","76","VALLE DEL CAUCA","76364","JAMUNDI","URBANA","2"
"2015-11-29T00:00:00.000","76","VALLE DEL CAUCA","76364","JAMUNDI","URBANA","1"
"2015-11-29T00:00:00.000","76","VALLE DEL CAUCA","76364","JAMUNDI","RURAL","1"
"2015-11-30T00:00:00.000","76","VALLE DEL CAUCA","76364","JAMUNDI","URBANA","1"
"2015-12-02T00:00:00.000","76","VALLE DEL CAUCA","76364","JAMUNDI","URBANA","1"
"2015-12-06T00:00:00.000","76","VALLE DEL CAUCA","76364","JAMUNDI","URBANA","1"
"2015-12-19T00:00:00.000","76","VALLE DEL CAUCA","76364","JAMUNDI","URBANA","1"
"2015-12-22T00:00:00.000","76","VALLE DEL CAUCA","76364","JAMUNDI","URBANA","1"
"2015-12-25T00:00:00.000","76","VALLE DEL CAUCA","76364","JAMUNDI","RURAL","1"
"2015-12-26T00:00:00.000","76","VALLE DEL CAUCA","76364","JAMUNDI","URBANA","1"
"2015-12-27T00:00:00.000","76","VALLE DEL CAUCA","76364","JAMUNDI","URBANA","1"
"2015-12-27T00:00:00.000","76","VALLE DEL CAUCA","76364","JAMUNDI","URBANA","1"
"2016-01-24T00:00:00.000","76","VALLE DEL CAUCA","76364","JAMUNDI","URBANA","1"
"2016-01-29T00:00:00.000","76","VALLE DEL CAUCA","76364","JAMUNDI","URBANA","1"
"2016-01-29T00:00:00.000","76","VALLE DEL CAUCA","76364","JAMUNDI","RURAL","1"
"2016-02-02T00:00:00.000","76","VALLE DEL CAUCA","76364","JAMUNDI","URBANA","1"
"2016-02-06T00:00:00.000","76","VALLE DEL CAUCA","76364","JAMUNDI","URBANA","1"
"2016-02-11T00:00:00.000","76","VALLE DEL CAUCA","76364","JAMUNDI","URBANA","1"
"2016-02-14T00:00:00.000","76","VALLE DEL CAUCA","76364","JAMUNDI","URBANA","2"
"2016-02-14T00:00:00.000","76","VALLE DEL CAUCA","76364","JAMUNDI","URBANA","1"
"2016-02-15T00:00:00.000","76","VALLE DEL CAUCA","76364","JAMUNDI","URBANA","1"
"2016-02-16T00:00:00.000","76","VALLE DEL CAUCA","76364","JAMUNDI","URBANA","1"
"2016-02-20T00:00:00.000","76","VALLE DEL CAUCA","76364","JAMUNDI","URBANA","1"
"2016-02-24T00:00:00.000","76","VALLE DEL CAUCA","76364","JAMUNDI","URBANA","1"
"2016-02-25T00:00:00.000","76","VALLE DEL CAUCA","76364","JAMUNDI","URBANA","1"
"2016-02-27T00:00:00.000","76","VALLE DEL CAUCA","76364","JAMUNDI","URBANA","1"
"2016-02-27T00:00:00.000","76","VALLE DEL CAUCA","76364","JAMUNDI","RURAL","1"
"2016-02-28T00:00:00.000","76","VALLE DEL CAUCA","76364","JAMUNDI","RURAL","1"
"2016-02-29T00:00:00.000","76","VALLE DEL CAUCA","76364","JAMUNDI","URBANA","1"
"2016-03-01T00:00:00.000","76","VALLE DEL CAUCA","76364","JAMUNDI","URBANA","1"
"2016-03-03T00:00:00.000","76","VALLE DEL CAUCA","76364","JAMUNDI","URBANA","1"
"2016-03-17T00:00:00.000","76","VALLE DEL CAUCA","76364","JAMUNDI","URBANA","1"
"2016-03-18T00:00:00.000","76","VALLE DEL CAUCA","76364","JAMUNDI","URBANA","1"
"2016-03-21T00:00:00.000","76","VALLE DEL CAUCA","76364","JAMUNDI","URBANA","1"
"2016-03-23T00:00:00.000","76","VALLE DEL CAUCA","76364","JAMUNDI","URBANA","1"
"2016-03-27T00:00:00.000","76","VALLE DEL CAUCA","76364","JAMUNDI","URBANA","1"
"2016-04-01T00:00:00.000","76","VALLE DEL CAUCA","76364","JAMUNDI","URBANA","1"
"2016-04-03T00:00:00.000","76","VALLE DEL CAUCA","76364","JAMUNDI","RURAL","1"
"2016-04-06T00:00:00.000","76","VALLE DEL CAUCA","76364","JAMUNDI","URBANA","1"
"2016-04-07T00:00:00.000","76","VALLE DEL CAUCA","76364","JAMUNDI","URBANA","1"
"2016-04-10T00:00:00.000","76","VALLE DEL CAUCA","76364","JAMUNDI","URBANA","1"
"2016-04-11T00:00:00.000","76","VALLE DEL CAUCA","76364","JAMUNDI","URBANA","1"
"2016-04-19T00:00:00.000","76","VALLE DEL CAUCA","76364","JAMUNDI","RURAL","1"
"2016-04-23T00:00:00.000","76","VALLE DEL CAUCA","76364","JAMUNDI","URBANA","1"
"2016-04-23T00:00:00.000","76","VALLE DEL CAUCA","76364","JAMUNDI","URBANA","2"
"2016-04-24T00:00:00.000","76","VALLE DEL CAUCA","76364","JAMUNDI","URBANA","1"
"2016-05-04T00:00:00.000","76","VALLE DEL CAUCA","76364","JAMUNDI","URBANA","1"
"2016-05-09T00:00:00.000","76","VALLE DEL CAUCA","76364","JAMUNDI","URBANA","1"
"2016-05-10T00:00:00.000","76","VALLE DEL CAUCA","76364","JAMUNDI","URBANA","1"
"2016-05-12T00:00:00.000","76","VALLE DEL CAUCA","76364","JAMUNDI","RURAL","1"
"2016-05-14T00:00:00.000","76","VALLE DEL CAUCA","76364","JAMUNDI","URBANA","1"
"2016-05-16T00:00:00.000","76","VALLE DEL CAUCA","76364","JAMUNDI","URBANA","1"
"2016-05-25T00:00:00.000","76","VALLE DEL CAUCA","76364","JAMUNDI","URBANA","1"
"2016-05-30T00:00:00.000","76","VALLE DEL CAUCA","76364","JAMUNDI","URBANA","1"
"2016-06-02T00:00:00.000","76","VALLE DEL CAUCA","76364","JAMUNDI","RURAL","1"
"2016-06-03T00:00:00.000","76","VALLE DEL CAUCA","76364","JAMUNDI","URBANA","1"
"2016-06-12T00:00:00.000","76","VALLE DEL CAUCA","76364","JAMUNDI","URBANA","2"
"2016-06-17T00:00:00.000","76","VALLE DEL CAUCA","76364","JAMUNDI","URBANA","1"
"2016-06-17T00:00:00.000","76","VALLE DEL CAUCA","76364","JAMUNDI","URBANA","1"
"2016-06-19T00:00:00.000","76","VALLE DEL CAUCA","76364","JAMUNDI","RURAL","1"
"2016-06-26T00:00:00.000","76","VALLE DEL CAUCA","76364","JAMUNDI","URBANA","1"
"2016-06-28T00:00:00.000","76","VALLE DEL CAUCA","76364","JAMUNDI","URBANA","1"
"2016-07-02T00:00:00.000","76","VALLE DEL CAUCA","76364","JAMUNDI","URBANA","1"
"2016-07-04T00:00:00.000","76","VALLE DEL CAUCA","76364","JAMUNDI","URBANA","1"
"2016-07-04T00:00:00.000","76","VALLE DEL CAUCA","76364","JAMUNDI","URBANA","2"
"2016-07-06T00:00:00.000","76","VALLE DEL CAUCA","76364","JAMUNDI","URBANA","1"
"2016-07-07T00:00:00.000","76","VALLE DEL CAUCA","76364","JAMUNDI","URBANA","1"
"2016-07-08T00:00:00.000","76","VALLE DEL CAUCA","76364","JAMUNDI","URBANA","1"
"2016-07-10T00:00:00.000","76","VALLE DEL CAUCA","76364","JAMUNDI","URBANA","1"
"2016-07-10T00:00:00.000","76","VALLE DEL CAUCA","76364","JAMUNDI","URBANA","1"
"2016-07-12T00:00:00.000","76","VALLE DEL CAUCA","76364","JAMUNDI","RURAL","1"
"2016-07-18T00:00:00.000","76","VALLE DEL CAUCA","76364","JAMUNDI","URBANA","1"
"2016-07-19T00:00:00.000","76","VALLE DEL CAUCA","76364","JAMUNDI","URBANA","1"
"2016-07-29T00:00:00.000","76","VALLE DEL CAUCA","76364","JAMUNDI","RURAL","1"
"2016-07-31T00:00:00.000","76","VALLE DEL CAUCA","76364","JAMUNDI","RURAL","1"
"2016-07-31T00:00:00.000","76","VALLE DEL CAUCA","76364","JAMUNDI","RURAL","1"
"2016-08-01T00:00:00.000","76","VALLE DEL CAUCA","76364","JAMUNDI","URBANA","1"
"2016-08-03T00:00:00.000","76","VALLE DEL CAUCA","76364","JAMUNDI","URBANA","1"
"2016-08-06T00:00:00.000","76","VALLE DEL CAUCA","76364","JAMUNDI","URBANA","1"
"2016-08-07T00:00:00.000","76","VALLE DEL CAUCA","76364","JAMUNDI","URBANA","3"
"2016-08-10T00:00:00.000","76","VALLE DEL CAUCA","76364","JAMUNDI","URBANA","1"
"2016-08-15T00:00:00.000","76","VALLE DEL CAUCA","76364","JAMUNDI","RURAL","1"
"2016-08-17T00:00:00.000","76","VALLE DEL CAUCA","76364","JAMUNDI","RURAL","1"
"2016-08-20T00:00:00.000","76","VALLE DEL CAUCA","76364","JAMUNDI","URBANA","3"
"2016-08-22T00:00:00.000","76","VALLE DEL CAUCA","76364","JAMUNDI","URBANA","1"
"2016-08-27T00:00:00.000","76","VALLE DEL CAUCA","76364","JAMUNDI","URBANA","1"
"2016-09-04T00:00:00.000","76","VALLE DEL CAUCA","76364","JAMUNDI","URBANA","1"
"2016-09-05T00:00:00.000","76","VALLE DEL CAUCA","76364","JAMUNDI","URBANA","1"
"2016-09-06T00:00:00.000","76","VALLE DEL CAUCA","76364","JAMUNDI","URBANA","1"
"2016-09-10T00:00:00.000","76","VALLE DEL CAUCA","76364","JAMUNDI","URBANA","1"
"2016-09-11T00:00:00.000","76","VALLE DEL CAUCA","76364","JAMUNDI","URBANA","1"
"2016-09-28T00:00:00.000","76","VALLE DEL CAUCA","76364","JAMUNDI","URBANA","1"
"2016-10-02T00:00:00.000","76","VALLE DEL CAUCA","76364","JAMUNDI","URBANA","1"
"2016-10-09T00:00:00.000","76","VALLE DEL CAUCA","76364","JAMUNDI","URBANA","1"
"2016-10-11T00:00:00.000","76","VALLE DEL CAUCA","76364","JAMUNDI","URBANA","1"
"2016-10-17T00:00:00.000","76","VALLE DEL CAUCA","76364","JAMUNDI","URBANA","1"
"2016-10-19T00:00:00.000","76","VALLE DEL CAUCA","76364","JAMUNDI","URBANA","1"
"2016-10-23T00:00:00.000","76","VALLE DEL CAUCA","76364","JAMUNDI","URBANA","2"
"2016-10-31T00:00:00.000","76","VALLE DEL CAUCA","76364","JAMUNDI","URBANA","1"
"2016-11-05T00:00:00.000","76","VALLE DEL CAUCA","76364","JAMUNDI","URBANA","1"
"2016-11-07T00:00:00.000","76","VALLE DEL CAUCA","76364","JAMUNDI","URBANA","1"
"2016-11-13T00:00:00.000","76","VALLE DEL CAUCA","76364","JAMUNDI","URBANA","1"
"2016-11-14T00:00:00.000","76","VALLE DEL CAUCA","76364","JAMUNDI","URBANA","1"
"2016-11-19T00:00:00.000","76","VALLE DEL CAUCA","76364","JAMUNDI","URBANA","1"
"2016-11-19T00:00:00.000","76","VALLE DEL CAUCA","76364","JAMUNDI","URBANA","2"
"2016-11-22T00:00:00.000","76","VALLE DEL CAUCA","76364","JAMUNDI","RURAL","1"
"2016-11-24T00:00:00.000","76","VALLE DEL CAUCA","76364","JAMUNDI","URBANA","1"
"2016-11-29T00:00:00.000","76","VALLE DEL CAUCA","76364","JAMUNDI","RURAL","1"
"2016-12-01T00:00:00.000","76","VALLE DEL CAUCA","76364","JAMUNDI","URBANA","1"
"2016-12-06T00:00:00.000","76","VALLE DEL CAUCA","76364","JAMUNDI","URBANA","1"
"2016-12-07T00:00:00.000","76","VALLE DEL CAUCA","76364","JAMUNDI","URBANA","2"
"2016-12-08T00:00:00.000","76","VALLE DEL CAUCA","76364","JAMUNDI","URBANA","1"
"2016-12-11T00:00:00.000","76","VALLE DEL CAUCA","76364","JAMUNDI","URBANA","1"
"2016-12-14T00:00:00.000","76","VALLE DEL CAUCA","76364","JAMUNDI","URBANA","2"
"2016-12-21T00:00:00.000","76","VALLE DEL CAUCA","76364","JAMUNDI","URBANA","1"
"2017-01-03T00:00:00.000","76","VALLE DEL CAUCA","76364","JAMUNDI","URBANA","1"
"2017-01-04T00:00:00.000","76","VALLE DEL CAUCA","76364","JAMUNDI","URBANA","1"
"2017-01-17T00:00:00.000","76","VALLE DEL CAUCA","76364","JAMUNDI","URBANA","1"
"2017-01-20T00:00:00.000","76","VALLE DEL CAUCA","76364","JAMUNDI","URBANA","1"
"2017-01-26T00:00:00.000","76","VALLE DEL CAUCA","76364","JAMUNDI","URBANA","1"
"2017-01-27T00:00:00.000","76","VALLE DEL CAUCA","76364","JAMUNDI","URBANA","1"
"2017-02-05T00:00:00.000","76","VALLE DEL CAUCA","76364","JAMUNDI","URBANA","1"
"2017-02-07T00:00:00.000","76","VALLE DEL CAUCA","76364","JAMUNDI","URBANA","1"
"2017-02-07T00:00:00.000","76","VALLE DEL CAUCA","76364","JAMUNDI","URBANA","1"
"2017-02-08T00:00:00.000","76","VALLE DEL CAUCA","76364","JAMUNDI","URBANA","1"
"2017-02-11T00:00:00.000","76","VALLE DEL CAUCA","76364","JAMUNDI","URBANA","1"
"2017-02-20T00:00:00.000","76","VALLE DEL CAUCA","76364","JAMUNDI","RURAL","1"
"2017-02-25T00:00:00.000","76","VALLE DEL CAUCA","76364","JAMUNDI","URBANA","1"
"2017-02-26T00:00:00.000","76","VALLE DEL CAUCA","76364","JAMUNDI","URBANA","1"
"2017-02-27T00:00:00.000","76","VALLE DEL CAUCA","76364","JAMUNDI","URBANA","1"
"2017-03-05T00:00:00.000","76","VALLE DEL CAUCA","76364","JAMUNDI","URBANA","1"
"2017-03-07T00:00:00.000","76","VALLE DEL CAUCA","76364","JAMUNDI","RURAL","1"
"2017-03-20T00:00:00.000","76","VALLE DEL CAUCA","76364","JAMUNDI","URBANA","1"
"2017-03-26T00:00:00.000","76","VALLE DEL CAUCA","76364","JAMUNDI","URBANA","1"
"2017-04-01T00:00:00.000","76","VALLE DEL CAUCA","76364","JAMUNDI","URBANA","2"
"2017-04-05T00:00:00.000","76","VALLE DEL CAUCA","76364","JAMUNDI","URBANA","2"
"2017-04-09T00:00:00.000","76","VALLE DEL CAUCA","76364","JAMUNDI","URBANA","1"
"2017-04-09T00:00:00.000","76","VALLE DEL CAUCA","76364","JAMUNDI","URBANA","1"
"2017-04-09T00:00:00.000","76","VALLE DEL CAUCA","76364","JAMUNDI","RURAL","1"
"2017-04-11T00:00:00.000","76","VALLE DEL CAUCA","76364","JAMUNDI","URBANA","1"
"2017-04-15T00:00:00.000","76","VALLE DEL CAUCA","76364","JAMUNDI","URBANA","1"
"2017-04-16T00:00:00.000","76","VALLE DEL CAUCA","76364","JAMUNDI","URBANA","1"
"2017-04-16T00:00:00.000","76","VALLE DEL CAUCA","76364","JAMUNDI","RURAL","1"
"2017-04-16T00:00:00.000","76","VALLE DEL CAUCA","76364","JAMUNDI","RURAL","3"
"2017-04-21T00:00:00.000","76","VALLE DEL CAUCA","76364","JAMUNDI","URBANA","1"
"2017-04-24T00:00:00.000","76","VALLE DEL CAUCA","76364","JAMUNDI","URBANA","1"
"2017-04-26T00:00:00.000","76","VALLE DEL CAUCA","76364","JAMUNDI","URBANA","1"
"2017-04-27T00:00:00.000","76","VALLE DEL CAUCA","76364","JAMUNDI","URBANA","1"
"2017-04-29T00:00:00.000","76","VALLE DEL CAUCA","76364","JAMUNDI","URBANA","1"
"2017-05-05T00:00:00.000","76","VALLE DEL CAUCA","76364","JAMUNDI","URBANA","2"
"2017-05-06T00:00:00.000","76","VALLE DEL CAUCA","76364","JAMUNDI","URBANA","1"
"2017-05-07T00:00:00.000","76","VALLE DEL CAUCA","76364","JAMUNDI","URBANA","2"
"2017-05-10T00:00:00.000","76","VALLE DEL CAUCA","76364","JAMUNDI","RURAL","1"
"2017-05-13T00:00:00.000","76","VALLE DEL CAUCA","76364","JAMUNDI","RURAL","1"
"2017-05-15T00:00:00.000","76","VALLE DEL CAUCA","76364","JAMUNDI","URBANA","1"
"2017-05-21T00:00:00.000","76","VALLE DEL CAUCA","76364","JAMUNDI","URBANA","1"
"2017-05-22T00:00:00.000","76","VALLE DEL CAUCA","76364","JAMUNDI","URBANA","1"
"2017-05-23T00:00:00.000","76","VALLE DEL CAUCA","76364","JAMUNDI","URBANA","1"
"2017-05-24T00:00:00.000","76","VALLE DEL CAUCA","76364","JAMUNDI","URBANA","1"
"2017-05-25T00:00:00.000","76","VALLE DEL CAUCA","76364","JAMUNDI","URBANA","1"
"2017-05-28T00:00:00.000","76","VALLE DEL CAUCA","76364","JAMUNDI","URBANA","1"
"2017-05-29T00:00:00.000","76","VALLE DEL CAUCA","76364","JAMUNDI","URBANA","2"
"2017-06-01T00:00:00.000","76","VALLE DEL CAUCA","76364","JAMUNDI","URBANA","1"
"2017-06-04T00:00:00.000","76","VALLE DEL CAUCA","76364","JAMUNDI","URBANA","1"
"2017-06-06T00:00:00.000","76","VALLE DEL CAUCA","76364","JAMUNDI","URBANA","2"
"2017-06-10T00:00:00.000","76","VALLE DEL CAUCA","76364","JAMUNDI","URBANA","2"
"2017-06-17T00:00:00.000","76","VALLE DEL CAUCA","76364","JAMUNDI","URBANA","1"
"2017-06-18T00:00:00.000","76","VALLE DEL CAUCA","76364","JAMUNDI","URBANA","1"
"2017-06-24T00:00:00.000","76","VALLE DEL CAUCA","76364","JAMUNDI","URBANA","1"
"2017-06-25T00:00:00.000","76","VALLE DEL CAUCA","76364","JAMUNDI","URBANA","1"
"2017-07-04T00:00:00.000","76","VALLE DEL CAUCA","76364","JAMUNDI","URBANA","1"
"2017-07-08T00:00:00.000","76","VALLE DEL CAUCA","76364","JAMUNDI","URBANA","2"
"2017-07-10T00:00:00.000","76","VALLE DEL CAUCA","76364","JAMUNDI","URBANA","2"
"2017-07-12T00:00:00.000","76","VALLE DEL CAUCA","76364","JAMUNDI","URBANA","1"
"2017-07-15T00:00:00.000","76","VALLE DEL CAUCA","76364","JAMUNDI","URBANA","1"
"2017-07-23T00:00:00.000","76","VALLE DEL CAUCA","76364","JAMUNDI","URBANA","2"
"2017-07-23T00:00:00.000","76","VALLE DEL CAUCA","76364","JAMUNDI","RURAL","1"
"2017-07-30T00:00:00.000","76","VALLE DEL CAUCA","76364","JAMUNDI","URBANA","1"
"2017-08-02T00:00:00.000","76","VALLE DEL CAUCA","76364","JAMUNDI","URBANA","1"
"2017-08-07T00:00:00.000","76","VALLE DEL CAUCA","76364","JAMUNDI","URBANA","1"
"2017-08-09T00:00:00.000","76","VALLE DEL CAUCA","76364","JAMUNDI","URBANA","1"
"2017-08-13T00:00:00.000","76","VALLE DEL CAUCA","76364","JAMUNDI","URBANA","1"
"2017-08-16T00:00:00.000","76","VALLE DEL CAUCA","76364","JAMUNDI","URBANA","1"
"2017-08-23T00:00:00.000","76","VALLE DEL CAUCA","76364","JAMUNDI","URBANA","1"
"2017-08-23T00:00:00.000","76","VALLE DEL CAUCA","76364","JAMUNDI","URBANA","1"
"2017-08-25T00:00:00.000","76","VALLE DEL CAUCA","76364","JAMUNDI","URBANA","1"
"2017-08-28T00:00:00.000","76","VALLE DEL CAUCA","76364","JAMUNDI","URBANA","1"
"2017-09-03T00:00:00.000","76","VALLE DEL CAUCA","76364","JAMUNDI","URBANA","2"
"2017-09-04T00:00:00.000","76","VALLE DEL CAUCA","76364","JAMUNDI","URBANA","1"
"2017-09-05T00:00:00.000","76","VALLE DEL CAUCA","76364","JAMUNDI","URBANA","1"
"2017-09-09T00:00:00.000","76","VALLE DEL CAUCA","76364","JAMUNDI","URBANA","1"
"2017-09-10T00:00:00.000","76","VALLE DEL CAUCA","76364","JAMUNDI","URBANA","2"
"2017-09-11T00:00:00.000","76","VALLE DEL CAUCA","76364","JAMUNDI","URBANA","1"
"2017-09-13T00:00:00.000","76","VALLE DEL CAUCA","76364","JAMUNDI","URBANA","3"
"2017-09-14T00:00:00.000","76","VALLE DEL CAUCA","76364","JAMUNDI","URBANA","1"
"2017-09-16T00:00:00.000","76","VALLE DEL CAUCA","76364","JAMUNDI","URBANA","1"
"2017-09-17T00:00:00.000","76","VALLE DEL CAUCA","76364","JAMUNDI","URBANA","1"
"2017-09-18T00:00:00.000","76","VALLE DEL CAUCA","76364","JAMUNDI","URBANA","1"
"2017-09-24T00:00:00.000","76","VALLE DEL CAUCA","76364","JAMUNDI","URBANA","1"
"2017-10-01T00:00:00.000","76","VALLE DEL CAUCA","76364","JAMUNDI","RURAL","1"
"2017-10-05T00:00:00.000","76","VALLE DEL CAUCA","76364","JAMUNDI","URBANA","1"
"2017-10-10T00:00:00.000","76","VALLE DEL CAUCA","76364","JAMUNDI","RURAL","1"
"2017-10-10T00:00:00.000","76","VALLE DEL CAUCA","76364","JAMUNDI","URBANA","2"
"2017-10-13T00:00:00.000","76","VALLE DEL CAUCA","76364","JAMUNDI","URBANA","1"
"2017-10-14T00:00:00.000","76","VALLE DEL CAUCA","76364","JAMUNDI","URBANA","1"
"2017-10-19T00:00:00.000","76","VALLE DEL CAUCA","76364","JAMUNDI","URBANA","1"
"2017-10-21T00:00:00.000","76","VALLE DEL CAUCA","76364","JAMUNDI","URBANA","1"
"2017-10-21T00:00:00.000","76","VALLE DEL CAUCA","76364","JAMUNDI","RURAL","1"
"2017-10-25T00:00:00.000","76","VALLE DEL CAUCA","76364","JAMUNDI","URBANA","1"
"2017-11-01T00:00:00.000","76","VALLE DEL CAUCA","76364","JAMUNDI","RURAL","1"
"2017-11-08T00:00:00.000","76","VALLE DEL CAUCA","76364","JAMUNDI","URBANA","1"
"2017-11-08T00:00:00.000","76","VALLE DEL CAUCA","76364","JAMUNDI","URBANA","1"
"2017-11-09T00:00:00.000","76","VALLE DEL CAUCA","76364","JAMUNDI","URBANA","1"
"2017-11-25T00:00:00.000","76","VALLE DEL CAUCA","76364","JAMUNDI","URBANA","1"
"2017-12-02T00:00:00.000","76","VALLE DEL CAUCA","76364","JAMUNDI","URBANA","1"
"2017-12-02T00:00:00.000","76","VALLE DEL CAUCA","76364","JAMUNDI","URBANA","1"
"2017-12-03T00:00:00.000","76","VALLE DEL CAUCA","76364","JAMUNDI","URBANA","1"
"2017-12-07T00:00:00.000","76","VALLE DEL CAUCA","76364","JAMUNDI","URBANA","1"
"2017-12-13T00:00:00.000","76","VALLE DEL CAUCA","76364","JAMUNDI","URBANA","1"
"2017-12-22T00:00:00.000","76","VALLE DEL CAUCA","76364","JAMUNDI","URBANA","1"
"2017-12-27T00:00:00.000","76","VALLE DEL CAUCA","76364","JAMUNDI","URBANA","1"
"2018-01-01T00:00:00.000","76","VALLE DEL CAUCA","76364","JAMUNDI","URBANA","1"
"2018-01-03T00:00:00.000","76","VALLE DEL CAUCA","76364","JAMUNDI","URBANA","1"
"2018-01-03T00:00:00.000","76","VALLE DEL CAUCA","76364","JAMUNDI","URBANA","1"
"2018-01-06T00:00:00.000","76","VALLE DEL CAUCA","76364","JAMUNDI","URBANA","1"
"2018-01-07T00:00:00.000","76","VALLE DEL CAUCA","76364","JAMUNDI","RURAL","1"
"2018-01-13T00:00:00.000","76","VALLE DEL CAUCA","76364","JAMUNDI","RURAL","1"
"2018-01-14T00:00:00.000","76","VALLE DEL CAUCA","76364","JAMUNDI","URBANA","2"
"2018-01-17T00:00:00.000","76","VALLE DEL CAUCA","76364","JAMUNDI","URBANA","1"
"2018-01-18T00:00:00.000","76","VALLE DEL CAUCA","76364","JAMUNDI","URBANA","1"
"2018-01-21T00:00:00.000","76","VALLE DEL CAUCA","76364","JAMUNDI","URBANA","1"
"2018-01-21T00:00:00.000","76","VALLE DEL CAUCA","76364","JAMUNDI","RURAL","1"
"2018-01-22T00:00:00.000","76","VALLE DEL CAUCA","76364","JAMUNDI","RURAL","1"
"2018-01-25T00:00:00.000","76","VALLE DEL CAUCA","76364","JAMUNDI","URBANA","2"
"2018-01-28T00:00:00.000","76","VALLE DEL CAUCA","76364","JAMUNDI","URBANA","2"
"2018-02-02T00:00:00.000","76","VALLE DEL CAUCA","76364","JAMUNDI","URBANA","1"
"2018-02-02T00:00:00.000","76","VALLE DEL CAUCA","76364","JAMUNDI","URBANA","1"
"2018-02-04T00:00:00.000","76","VALLE DEL CAUCA","76364","JAMUNDI","URBANA","1"
"2018-02-06T00:00:00.000","76","VALLE DEL CAUCA","76364","JAMUNDI","URBANA","1"
"2018-02-07T00:00:00.000","76","VALLE DEL CAUCA","76364","JAMUNDI","URBANA","1"
"2018-02-10T00:00:00.000","76","VALLE DEL CAUCA","76364","JAMUNDI","RURAL","1"
"2018-02-11T00:00:00.000","76","VALLE DEL CAUCA","76364","JAMUNDI","URBANA","1"
"2018-02-15T00:00:00.000","76","VALLE DEL CAUCA","76364","JAMUNDI","URBANA","1"
"2018-02-20T00:00:00.000","76","VALLE DEL CAUCA","76364","JAMUNDI","URBANA","1"
"2018-02-23T00:00:00.000","76","VALLE DEL CAUCA","76364","JAMUNDI","RURAL","1"
"2018-02-26T00:00:00.000","76","VALLE DEL CAUCA","76364","JAMUNDI","URBANA","1"
"2018-02-27T00:00:00.000","76","VALLE DEL CAUCA","76364","JAMUNDI","URBANA","1"
"2018-03-02T00:00:00.000","76","VALLE DEL CAUCA","76364","JAMUNDI","URBANA","1"
"2018-03-03T00:00:00.000","76","VALLE DEL CAUCA","76364","JAMUNDI","URBANA","1"
"2018-03-04T00:00:00.000","76","VALLE DEL CAUCA","76364","JAMUNDI","URBANA","1"
"2018-03-10T00:00:00.000","76","VALLE DEL CAUCA","76364","JAMUNDI","URBANA","1"
"2018-03-11T00:00:00.000","76","VALLE DEL CAUCA","76364","JAMUNDI","URBANA","1"
"2018-03-15T00:00:00.000","76","VALLE DEL CAUCA","76364","JAMUNDI","URBANA","1"
"2018-03-16T00:00:00.000","76","VALLE DEL CAUCA","76364","JAMUNDI","URBANA","1"
"2018-03-19T00:00:00.000","76","VALLE DEL CAUCA","76364","JAMUNDI","URBANA","1"
"2018-03-22T00:00:00.000","76","VALLE DEL CAUCA","76364","JAMUNDI","RURAL","1"
"2018-03-23T00:00:00.000","76","VALLE DEL CAUCA","76364","JAMUNDI","URBANA","1"
"2018-03-24T00:00:00.000","76","VALLE DEL CAUCA","76364","JAMUNDI","URBANA","1"
"2018-03-25T00:00:00.000","76","VALLE DEL CAUCA","76364","JAMUNDI","URBANA","2"
"2018-03-27T00:00:00.000","76","VALLE DEL CAUCA","76364","JAMUNDI","URBANA","2"
"2018-03-28T00:00:00.000","76","VALLE DEL CAUCA","76364","JAMUNDI","URBANA","1"
"2018-03-29T00:00:00.000","76","VALLE DEL CAUCA","76364","JAMUNDI","RURAL","1"
"2018-03-29T00:00:00.000","76","VALLE DEL CAUCA","76364","JAMUNDI","URBANA","1"
"2018-04-01T00:00:00.000","76","VALLE DEL CAUCA","76364","JAMUNDI","RURAL","1"
"2018-04-08T00:00:00.000","76","VALLE DEL CAUCA","76364","JAMUNDI","URBANA","1"
"2018-04-27T00:00:00.000","76","VALLE DEL CAUCA","76364","JAMUNDI","URBANA","1"
"2018-04-28T00:00:00.000","76","VALLE DEL CAUCA","76364","JAMUNDI","URBANA","1"
"2018-04-29T00:00:00.000","76","VALLE DEL CAUCA","76364","JAMUNDI","URBANA","2"
"2018-04-29T00:00:00.000","76","VALLE DEL CAUCA","76364","JAMUNDI","URBANA","2"
"2018-05-01T00:00:00.000","76","VALLE DEL CAUCA","76364","JAMUNDI","URBANA","1"
"2018-05-01T00:00:00.000","76","VALLE DEL CAUCA","76364","JAMUNDI","URBANA","1"
"2018-05-02T00:00:00.000","76","VALLE DEL CAUCA","76364","JAMUNDI","URBANA","1"
"2018-05-04T00:00:00.000","76","VALLE DEL CAUCA","76364","JAMUNDI","URBANA","1"
"2018-05-05T00:00:00.000","76","VALLE DEL CAUCA","76364","JAMUNDI","URBANA","1"
"2018-05-12T00:00:00.000","76","VALLE DEL CAUCA","76364","JAMUNDI","URBANA","1"
"2018-05-12T00:00:00.000","76","VALLE DEL CAUCA","76364","JAMUNDI","URBANA","1"
"2018-05-18T00:00:00.000","76","VALLE DEL CAUCA","76364","JAMUNDI","URBANA","1"
"2018-05-20T00:00:00.000","76","VALLE DEL CAUCA","76364","JAMUNDI","URBANA","1"
"2018-05-21T00:00:00.000","76","VALLE DEL CAUCA","76364","JAMUNDI","RURAL","1"
"2018-05-23T00:00:00.000","76","VALLE DEL CAUCA","76364","JAMUNDI","RURAL","1"
"2018-05-31T00:00:00.000","76","VALLE DEL CAUCA","76364","JAMUNDI","URBANA","1"
"2018-06-02T00:00:00.000","76","VALLE DEL CAUCA","76364","JAMUNDI","URBANA","1"
"2018-06-03T00:00:00.000","76","VALLE DEL CAUCA","76364","JAMUNDI","URBANA","2"
"2018-06-05T00:00:00.000","76","VALLE DEL CAUCA","76364","JAMUNDI","URBANA","1"
"2018-06-10T00:00:00.000","76","VALLE DEL CAUCA","76364","JAMUNDI","RURAL","1"
"2018-06-12T00:00:00.000","76","VALLE DEL CAUCA","76364","JAMUNDI","URBANA","1"
"2018-06-15T00:00:00.000","76","VALLE DEL CAUCA","76364","JAMUNDI","URBANA","1"
"2018-06-17T00:00:00.000","76","VALLE DEL CAUCA","76364","JAMUNDI","URBANA","2"
"2018-06-19T00:00:00.000","76","VALLE DEL CAUCA","76364","JAMUNDI","URBANA","1"
"2018-06-21T00:00:00.000","76","VALLE DEL CAUCA","76364","JAMUNDI","URBANA","1"
"2018-06-23T00:00:00.000","76","VALLE DEL CAUCA","76364","JAMUNDI","URBANA","1"
"2018-06-24T00:00:00.000","76","VALLE DEL CAUCA","76364","JAMUNDI","URBANA","1"
"2018-06-24T00:00:00.000","76","VALLE DEL CAUCA","76364","JAMUNDI","RURAL","1"
"2018-06-24T00:00:00.000","76","VALLE DEL CAUCA","76364","JAMUNDI","RURAL","1"
"2018-06-25T00:00:00.000","76","VALLE DEL CAUCA","76364","JAMUNDI","RURAL","1"
"2018-06-26T00:00:00.000","76","VALLE DEL CAUCA","76364","JAMUNDI","RURAL","1"
"2018-06-26T00:00:00.000","76","VALLE DEL CAUCA","76364","JAMUNDI","URBANA","1"
"2018-06-28T00:00:00.000","76","VALLE DEL CAUCA","76364","JAMUNDI","URBANA","1"
"2018-06-30T00:00:00.000","76","VALLE DEL CAUCA","76364","JAMUNDI","URBANA","1"
"2018-07-01T00:00:00.000","76","VALLE DEL CAUCA","76364","JAMUNDI","URBANA","1"
"2018-07-03T00:00:00.000","76","VALLE DEL CAUCA","76364","JAMUNDI","URBANA","1"
"2018-07-04T00:00:00.000","76","VALLE DEL CAUCA","76364","JAMUNDI","URBANA","2"
"2018-07-04T00:00:00.000","76","VALLE DEL CAUCA","76364","JAMUNDI","URBANA","1"
"2018-07-06T00:00:00.000","76","VALLE DEL CAUCA","76364","JAMUNDI","URBANA","1"
"2018-07-08T00:00:00.000","76","VALLE DEL CAUCA","76364","JAMUNDI","URBANA","1"
"2018-07-11T00:00:00.000","76","VALLE DEL CAUCA","76364","JAMUNDI","URBANA","1"
"2018-07-12T00:00:00.000","76","VALLE DEL CAUCA","76364","JAMUNDI","URBANA","2"
"2018-07-13T00:00:00.000","76","VALLE DEL CAUCA","76364","JAMUNDI","URBANA","1"
"2018-07-14T00:00:00.000","76","VALLE DEL CAUCA","76364","JAMUNDI","URBANA","2"
"2018-07-15T00:00:00.000","76","VALLE DEL CAUCA","76364","JAMUNDI","URBANA","2"
"2018-07-20T00:00:00.000","76","VALLE DEL CAUCA","76364","JAMUNDI","RURAL","1"
"2018-07-29T00:00:00.000","76","VALLE DEL CAUCA","76364","JAMUNDI","RURAL","1"
"2018-07-31T00:00:00.000","76","VALLE DEL CAUCA","76364","JAMUNDI","URBANA","1"
"2018-08-05T00:00:00.000","76","VALLE DEL CAUCA","76364","JAMUNDI","URBANA","1"
"2018-08-05T00:00:00.000","76","VALLE DEL CAUCA","76364","JAMUNDI","URBANA","2"
"2018-08-12T00:00:00.000","76","VALLE DEL CAUCA","76364","JAMUNDI","RURAL","1"
"2018-08-16T00:00:00.000","76","VALLE DEL CAUCA","76364","JAMUNDI","URBANA","1"
"2018-08-18T00:00:00.000","76","VALLE DEL CAUCA","76364","JAMUNDI","URBANA","1"
"2018-08-24T00:00:00.000","76","VALLE DEL CAUCA","76364","JAMUNDI","URBANA","1"
"2018-08-26T00:00:00.000","76","VALLE DEL CAUCA","76364","JAMUNDI","URBANA","1"
"2018-08-28T00:00:00.000","76","VALLE DEL CAUCA","76364","JAMUNDI","URBANA","1"
"2018-08-29T00:00:00.000","76","VALLE DEL CAUCA","76364","JAMUNDI","URBANA","1"
"2018-08-30T00:00:00.000","76","VALLE DEL CAUCA","76364","JAMUNDI","URBANA","2"
"2018-09-01T00:00:00.000","76","VALLE DEL CAUCA","76364","JAMUNDI","URBANA","1"
"2018-09-02T00:00:00.000","76","VALLE DEL CAUCA","76364","JAMUNDI","URBANA","1"
"2018-09-02T00:00:00.000","76","VALLE DEL CAUCA","76364","JAMUNDI","URBANA","4"
"2018-09-04T00:00:00.000","76","VALLE DEL CAUCA","76364","JAMUNDI","RURAL","1"
"2018-09-08T00:00:00.000","76","VALLE DEL CAUCA","76364","JAMUNDI","URBANA","1"
"2018-09-16T00:00:00.000","76","VALLE DEL CAUCA","76364","JAMUNDI","RURAL","1"
"2018-09-16T00:00:00.000","76","VALLE DEL CAUCA","76364","JAMUNDI","URBANA","1"
"2018-09-17T00:00:00.000","76","VALLE DEL CAUCA","76364","JAMUNDI","URBANA","2"
"2018-09-20T00:00:00.000","76","VALLE DEL CAUCA","76364","JAMUNDI","URBANA","2"
"2018-09-21T00:00:00.000","76","VALLE DEL CAUCA","76364","JAMUNDI","URBANA","1"
"2018-09-22T00:00:00.000","76","VALLE DEL CAUCA","76364","JAMUNDI","URBANA","1"
"2018-09-22T00:00:00.000","76","VALLE DEL CAUCA","76364","JAMUNDI","URBANA","1"
"2018-09-23T00:00:00.000","76","VALLE DEL CAUCA","76364","JAMUNDI","URBANA","1"
"2018-09-28T00:00:00.000","76","VALLE DEL CAUCA","76364","JAMUNDI","RURAL","1"
"2018-09-28T00:00:00.000","76","VALLE DEL CAUCA","76364","JAMUNDI","URBANA","2"
"2018-09-29T00:00:00.000","76","VALLE DEL CAUCA","76364","JAMUNDI","URBANA","1"
"2018-09-30T00:00:00.000","76","VALLE DEL CAUCA","76364","JAMUNDI","URBANA","1"
"2018-09-30T00:00:00.000","76","VALLE DEL CAUCA","76364","JAMUNDI","RURAL","1"
"2018-10-04T00:00:00.000","76","VALLE DEL CAUCA","76364","JAMUNDI","URBANA","1"
"2018-10-16T00:00:00.000","76","VALLE DEL CAUCA","76364","JAMUNDI","RURAL","1"
"2018-10-21T00:00:00.000","76","VALLE DEL CAUCA","76364","JAMUNDI","URBANA","1"
"2018-10-23T00:00:00.000","76","VALLE DEL CAUCA","76364","JAMUNDI","URBANA","1"
"2018-10-24T00:00:00.000","76","VALLE DEL CAUCA","76364","JAMUNDI","URBANA","1"
"2018-10-28T00:00:00.000","76","VALLE DEL CAUCA","76364","JAMUNDI","URBANA","5"
"2018-11-02T00:00:00.000","76","VALLE DEL CAUCA","76364","JAMUNDI","URBANA","1"
"2018-11-03T00:00:00.000","76","VALLE DEL CAUCA","76364","JAMUNDI","URBANA","1"
"2018-11-04T00:00:00.000","76","VALLE DEL CAUCA","76364","JAMUNDI","URBANA","1"
"2018-11-06T00:00:00.000","76","VALLE DEL CAUCA","76364","JAMUNDI","URBANA","1"
"2018-11-12T00:00:00.000","76","VALLE DEL CAUCA","76364","JAMUNDI","URBANA","1"
"2018-11-12T00:00:00.000","76","VALLE DEL CAUCA","76364","JAMUNDI","URBANA","1"
"2018-11-14T00:00:00.000","76","VALLE DEL CAUCA","76364","JAMUNDI","URBANA","2"
"2018-11-19T00:00:00.000","76","VALLE DEL CAUCA","76364","JAMUNDI","URBANA","1"
"2018-11-20T00:00:00.000","76","VALLE DEL CAUCA","76364","JAMUNDI","URBANA","1"
"2018-11-21T00:00:00.000","76","VALLE DEL CAUCA","76364","JAMUNDI","URBANA","1"
"2018-11-24T00:00:00.000","76","VALLE DEL CAUCA","76364","JAMUNDI","RURAL","1"
"2018-11-27T00:00:00.000","76","VALLE DEL CAUCA","76364","JAMUNDI","URBANA","1"
"2018-12-01T00:00:00.000","76","VALLE DEL CAUCA","76364","JAMUNDI","URBANA","1"
"2018-12-02T00:00:00.000","76","VALLE DEL CAUCA","76364","JAMUNDI","URBANA","1"
"2018-12-05T00:00:00.000","76","VALLE DEL CAUCA","76364","JAMUNDI","URBANA","1"
"2018-12-08T00:00:00.000","76","VALLE DEL CAUCA","76364","JAMUNDI","RURAL","1"
"2018-12-08T00:00:00.000","76","VALLE DEL CAUCA","76364","JAMUNDI","URBANA","1"
"2018-12-09T00:00:00.000","76","VALLE DEL CAUCA","76364","JAMUNDI","URBANA","1"
"2018-12-10T00:00:00.000","76","VALLE DEL CAUCA","76364","JAMUNDI","URBANA","2"
"2018-12-14T00:00:00.000","76","VALLE DEL CAUCA","76364","JAMUNDI","URBANA","1"
"2018-12-16T00:00:00.000","76","VALLE DEL CAUCA","76364","JAMUNDI","RURAL","1"
"2018-12-17T00:00:00.000","76","VALLE DEL CAUCA","76364","JAMUNDI","URBANA","1"
"2018-12-17T00:00:00.000","76","VALLE DEL CAUCA","76364","JAMUNDI","URBANA","1"
"2018-12-18T00:00:00.000","76","VALLE DEL CAUCA","76364","JAMUNDI","URBANA","2"
"2018-12-18T00:00:00.000","76","VALLE DEL CAUCA","76364","JAMUNDI","RURAL","1"
"2018-12-20T00:00:00.000","76","VALLE DEL CAUCA","76364","JAMUNDI","URBANA","1"
"2018-12-22T00:00:00.000","76","VALLE DEL CAUCA","76364","JAMUNDI","URBANA","1"
"2018-12-25T00:00:00.000","76","VALLE DEL CAUCA","76364","JAMUNDI","RURAL","1"
"2018-12-25T00:00:00.000","76","VALLE DEL CAUCA","76364","JAMUNDI","URBANA","1"
"2018-12-25T00:00:00.000","76","VALLE DEL CAUCA","76364","JAMUNDI","RURAL","1"
"2018-12-26T00:00:00.000","76","VALLE DEL CAUCA","76364","JAMUNDI","URBANA","1"
"2018-12-28T00:00:00.000","76","VALLE DEL CAUCA","76364","JAMUNDI","URBANA","1"
"2018-12-31T00:00:00.000","76","VALLE DEL CAUCA","76364","JAMUNDI","RURAL","1"
"2018-12-31T00:00:00.000","76","VALLE DEL CAUCA","76364","JAMUNDI","URBANA","2"
"2019-01-04T00:00:00.000","76","VALLE DEL CAUCA","76364","JAMUNDI","URBANA","1"
"2019-01-04T00:00:00.000","76","VALLE DEL CAUCA","76364","JAMUNDI","URBANA","1"
"2019-01-04T00:00:00.000","76","VALLE DEL CAUCA","76364","JAMUNDI","RURAL","1"
"2019-01-05T00:00:00.000","76","VALLE DEL CAUCA","76364","JAMUNDI","URBANA","2"
"2019-01-07T00:00:00.000","76","VALLE DEL CAUCA","76364","JAMUNDI","RURAL","2"
"2019-01-12T00:00:00.000","76","VALLE DEL CAUCA","76364","JAMUNDI","URBANA","1"
"2019-01-14T00:00:00.000","76","VALLE DEL CAUCA","76364","JAMUNDI","RURAL","1"
"2019-01-19T00:00:00.000","76","VALLE DEL CAUCA","76364","JAMUNDI","URBANA","1"
"2019-01-21T00:00:00.000","76","VALLE DEL CAUCA","76364","JAMUNDI","URBANA","1"
"2019-01-22T00:00:00.000","76","VALLE DEL CAUCA","76364","JAMUNDI","URBANA","1"
"2019-01-24T00:00:00.000","76","VALLE DEL CAUCA","76364","JAMUNDI","URBANA","1"
"2019-01-26T00:00:00.000","76","VALLE DEL CAUCA","76364","JAMUNDI","URBANA","1"
"2019-01-27T00:00:00.000","76","VALLE DEL CAUCA","76364","JAMUNDI","URBANA","1"
"2019-01-31T00:00:00.000","76","VALLE DEL CAUCA","76364","JAMUNDI","URBANA","1"
"2019-02-02T00:00:00.000","76","VALLE DEL CAUCA","76364","JAMUNDI","URBANA","1"
"2019-02-07T00:00:00.000","76","VALLE DEL CAUCA","76364","JAMUNDI","URBANA","1"
"2019-02-08T00:00:00.000","76","VALLE DEL CAUCA","76364","JAMUNDI","URBANA","1"
"2019-02-11T00:00:00.000","76","VALLE DEL CAUCA","76364","JAMUNDI","URBANA","2"
"2019-02-24T00:00:00.000","76","VALLE DEL CAUCA","76364","JAMUNDI","RURAL","1"
"2019-03-09T00:00:00.000","76","VALLE DEL CAUCA","76364","JAMUNDI","RURAL","1"
"2019-03-10T00:00:00.000","76","VALLE DEL CAUCA","76364","JAMUNDI","URBANA","3"
"2019-03-10T00:00:00.000","76","VALLE DEL CAUCA","76364","JAMUNDI","RURAL","1"
"2019-03-12T00:00:00.000","76","VALLE DEL CAUCA","76364","JAMUNDI","URBANA","1"
"2019-03-12T00:00:00.000","76","VALLE DEL CAUCA","76364","JAMUNDI","URBANA","1"
"2019-03-17T00:00:00.000","76","VALLE DEL CAUCA","76364","JAMUNDI","URBANA","1"
"2019-03-17T00:00:00.000","76","VALLE DEL CAUCA","76364","JAMUNDI","URBANA","1"
"2019-03-18T00:00:00.000","76","VALLE DEL CAUCA","76364","JAMUNDI","URBANA","1"
"2019-03-22T00:00:00.000","76","VALLE DEL CAUCA","76364","JAMUNDI","URBANA","2"
"2019-03-25T00:00:00.000","76","VALLE DEL CAUCA","76364","JAMUNDI","URBANA","2"
"2019-03-25T00:00:00.000","76","VALLE DEL CAUCA","76364","JAMUNDI","URBANA","2"
"2019-03-29T00:00:00.000","76","VALLE DEL CAUCA","76364","JAMUNDI","RURAL","1"
"2019-03-31T00:00:00.000","76","VALLE DEL CAUCA","76364","JAMUNDI","URBANA","1"
"2019-04-05T00:00:00.000","76","VALLE DEL CAUCA","76364","JAMUNDI","URBANA","1"
"2019-04-06T00:00:00.000","76","VALLE DEL CAUCA","76364","JAMUNDI","RURAL","2"
"2019-04-06T00:00:00.000","76","VALLE DEL CAUCA","76364","JAMUNDI","RURAL","1"
"2019-04-11T00:00:00.000","76","VALLE DEL CAUCA","76364","JAMUNDI","URBANA","1"
"2019-04-13T00:00:00.000","76","VALLE DEL CAUCA","76364","JAMUNDI","URBANA","1"
"2019-04-17T00:00:00.000","76","VALLE DEL CAUCA","76364","JAMUNDI","URBANA","1"
"2019-04-17T00:00:00.000","76","VALLE DEL CAUCA","76364","JAMUNDI","URBANA","1"
"2019-04-20T00:00:00.000","76","VALLE DEL CAUCA","76364","JAMUNDI","URBANA","2"
"2019-04-25T00:00:00.000","76","VALLE DEL CAUCA","76364","JAMUNDI","URBANA","1"
"2019-04-26T00:00:00.000","76","VALLE DEL CAUCA","76364","JAMUNDI","URBANA","1"
"2019-04-28T00:00:00.000","76","VALLE DEL CAUCA","76364","JAMUNDI","URBANA","3"
"2019-05-02T00:00:00.000","76","VALLE DEL CAUCA","76364","JAMUNDI","URBANA","3"
"2019-05-04T00:00:00.000","76","VALLE DEL CAUCA","76364","JAMUNDI","URBANA","1"
"2019-05-04T00:00:00.000","76","VALLE DEL CAUCA","76364","JAMUNDI","URBANA","3"
"2019-05-05T00:00:00.000","76","VALLE DEL CAUCA","76364","JAMUNDI","URBANA","1"
"2019-05-05T00:00:00.000","76","VALLE DEL CAUCA","76364","JAMUNDI","URBANA","1"
"2019-05-06T00:00:00.000","76","VALLE DEL CAUCA","76364","JAMUNDI","URBANA","1"
"2019-05-07T00:00:00.000","76","VALLE DEL CAUCA","76364","JAMUNDI","URBANA","1"
"2019-05-08T00:00:00.000","76","VALLE DEL CAUCA","76364","JAMUNDI","URBANA","1"
"2019-05-10T00:00:00.000","76","VALLE DEL CAUCA","76364","JAMUNDI","URBANA","1"
"2019-05-11T00:00:00.000","76","VALLE DEL CAUCA","76364","JAMUNDI","URBANA","1"
"2019-05-11T00:00:00.000","76","VALLE DEL CAUCA","76364","JAMUNDI","URBANA","3"
"2019-05-15T00:00:00.000","76","VALLE DEL CAUCA","76364","JAMUNDI","URBANA","3"
"2019-05-23T00:00:00.000","76","VALLE DEL CAUCA","76364","JAMUNDI","URBANA","1"
"2019-05-24T00:00:00.000","76","VALLE DEL CAUCA","76364","JAMUNDI","URBANA","1"
"2019-05-25T00:00:00.000","76","VALLE DEL CAUCA","76364","JAMUNDI","URBANA","1"
"2019-05-27T00:00:00.000","76","VALLE DEL CAUCA","76364","JAMUNDI","URBANA","1"
"2019-05-29T00:00:00.000","76","VALLE DEL CAUCA","76364","JAMUNDI","URBANA","1"
"2019-06-04T00:00:00.000","76","VALLE DEL CAUCA","76364","JAMUNDI","URBANA","1"
"2019-06-07T00:00:00.000","76","VALLE DEL CAUCA","76364","JAMUNDI","URBANA","2"
"2019-06-08T00:00:00.000","76","VALLE DEL CAUCA","76364","JAMUNDI","URBANA","1"
"2019-06-09T00:00:00.000","76","VALLE DEL CAUCA","76364","JAMUNDI","URBANA","1"
"2019-06-11T00:00:00.000","76","VALLE DEL CAUCA","76364","JAMUNDI","RURAL","1"
"2019-06-15T00:00:00.000","76","VALLE DEL CAUCA","76364","JAMUNDI","URBANA","1"
"2019-06-17T00:00:00.000","76","VALLE DEL CAUCA","76364","JAMUNDI","URBANA","1"
"2019-06-19T00:00:00.000","76","VALLE DEL CAUCA","76364","JAMUNDI","URBANA","1"
"2019-06-21T00:00:00.000","76","VALLE DEL CAUCA","76364","JAMUNDI","RURAL","1"
"2019-06-21T00:00:00.000","76","VALLE DEL CAUCA","76364","JAMUNDI","URBANA","1"
"2019-06-26T00:00:00.000","76","VALLE DEL CAUCA","76364","JAMUNDI","URBANA","1"
"2019-06-30T00:00:00.000","76","VALLE DEL CAUCA","76364","JAMUNDI","RURAL","2"
"2019-07-01T00:00:00.000","76","VALLE DEL CAUCA","76364","JAMUNDI","URBANA","1"
"2019-07-02T00:00:00.000","76","VALLE DEL CAUCA","76364","JAMUNDI","URBANA","1"
"2019-07-03T00:00:00.000","76","VALLE DEL CAUCA","76364","JAMUNDI","URBANA","1"
"2019-07-06T00:00:00.000","76","VALLE DEL CAUCA","76364","JAMUNDI","URBANA","1"
"2019-07-14T00:00:00.000","76","VALLE DEL CAUCA","76364","JAMUNDI","URBANA","1"
"2019-07-18T00:00:00.000","76","VALLE DEL CAUCA","76364","JAMUNDI","URBANA","1"
"2019-07-20T00:00:00.000","76","VALLE DEL CAUCA","76364","JAMUNDI","URBANA","2"
"2019-07-20T00:00:00.000","76","VALLE DEL CAUCA","76364","JAMUNDI","URBANA","1"
"2019-07-23T00:00:00.000","76","VALLE DEL CAUCA","76364","JAMUNDI","URBANA","1"
"2019-07-24T00:00:00.000","76","VALLE DEL CAUCA","76364","JAMUNDI","URBANA","1"
"2019-07-30T00:00:00.000","76","VALLE DEL CAUCA","76364","JAMUNDI","URBANA","1"
"2019-08-03T00:00:00.000","76","VALLE DEL CAUCA","76364","JAMUNDI","URBANA","1"
"2019-08-04T00:00:00.000","76","VALLE DEL CAUCA","76364","JAMUNDI","RURAL","1"
"2019-08-04T00:00:00.000","76","VALLE DEL CAUCA","76364","JAMUNDI","URBANA","1"
"2019-08-05T00:00:00.000","76","VALLE DEL CAUCA","76364","JAMUNDI","RURAL","1"
"2019-08-08T00:00:00.000","76","VALLE DEL CAUCA","76364","JAMUNDI","URBANA","1"
"2019-08-10T00:00:00.000","76","VALLE DEL CAUCA","76364","JAMUNDI","URBANA","1"
"2019-08-11T00:00:00.000","76","VALLE DEL CAUCA","76364","JAMUNDI","RURAL","1"
"2019-08-14T00:00:00.000","76","VALLE DEL CAUCA","76364","JAMUNDI","URBANA","1"
"2019-08-18T00:00:00.000","76","VALLE DEL CAUCA","76364","JAMUNDI","URBANA","1"
"2019-08-19T00:00:00.000","76","VALLE DEL CAUCA","76364","JAMUNDI","URBANA","2"
"2019-08-19T00:00:00.000","76","VALLE DEL CAUCA","76364","JAMUNDI","RURAL","1"
"2019-08-20T00:00:00.000","76","VALLE DEL CAUCA","76364","JAMUNDI","URBANA","1"
"2019-08-20T00:00:00.000","76","VALLE DEL CAUCA","76364","JAMUNDI","RURAL","1"
"2019-08-21T00:00:00.000","76","VALLE DEL CAUCA","76364","JAMUNDI","RURAL","1"
"2019-08-21T00:00:00.000","76","VALLE DEL CAUCA","76364","JAMUNDI","URBANA","1"
"2019-08-23T00:00:00.000","76","VALLE DEL CAUCA","76364","JAMUNDI","RURAL","1"
"2019-08-24T00:00:00.000","76","VALLE DEL CAUCA","76364","JAMUNDI","URBANA","1"
"2019-08-25T00:00:00.000","76","VALLE DEL CAUCA","76364","JAMUNDI","URBANA","1"
"2019-08-26T00:00:00.000","76","VALLE DEL CAUCA","76364","JAMUNDI","URBANA","1"
"2019-08-28T00:00:00.000","76","VALLE DEL CAUCA","76364","JAMUNDI","RURAL","1"
"2019-08-31T00:00:00.000","76","VALLE DEL CAUCA","76364","JAMUNDI","URBANA","1"
"2019-09-01T00:00:00.000","76","VALLE DEL CAUCA","76364","JAMUNDI","URBANA","2"
"2019-09-03T00:00:00.000","76","VALLE DEL CAUCA","76364","JAMUNDI","URBANA","1"
"2019-09-04T00:00:00.000","76","VALLE DEL CAUCA","76364","JAMUNDI","RURAL","1"
"2019-09-05T00:00:00.000","76","VALLE DEL CAUCA","76364","JAMUNDI","URBANA","1"
"2019-09-07T00:00:00.000","76","VALLE DEL CAUCA","76364","JAMUNDI","URBANA","2"
"2019-09-08T00:00:00.000","76","VALLE DEL CAUCA","76364","JAMUNDI","RURAL","1"
"2019-09-10T00:00:00.000","76","VALLE DEL CAUCA","76364","JAMUNDI","URBANA","1"
"2019-09-12T00:00:00.000","76","VALLE DEL CAUCA","76364","JAMUNDI","URBANA","2"
"2019-09-12T00:00:00.000","76","VALLE DEL CAUCA","76364","JAMUNDI","URBANA","2"
"2019-09-13T00:00:00.000","76","VALLE DEL CAUCA","76364","JAMUNDI","URBANA","1"
"2019-09-14T00:00:00.000","76","VALLE DEL CAUCA","76364","JAMUNDI","URBANA","1"
"2019-09-15T00:00:00.000","76","VALLE DEL CAUCA","76364","JAMUNDI","RURAL","2"
"2019-09-16T00:00:00.000","76","VALLE DEL CAUCA","76364","JAMUNDI","URBANA","1"
"2019-09-17T00:00:00.000","76","VALLE DEL CAUCA","76364","JAMUNDI","URBANA","2"
"2019-09-29T00:00:00.000","76","VALLE DEL CAUCA","76364","JAMUNDI","URBANA","4"
"2019-09-30T00:00:00.000","76","VALLE DEL CAUCA","76364","JAMUNDI","URBANA","1"
"2019-09-30T00:00:00.000","76","VALLE DEL CAUCA","76364","JAMUNDI","RURAL","2"
"2019-09-30T00:00:00.000","76","VALLE DEL CAUCA","76364","JAMUNDI","URBANA","1"
"2019-10-01T00:00:00.000","76","VALLE DEL CAUCA","76364","JAMUNDI","RURAL","1"
"2019-10-05T00:00:00.000","76","VALLE DEL CAUCA","76364","JAMUNDI","URBANA","1"
"2019-10-05T00:00:00.000","76","VALLE DEL CAUCA","76364","JAMUNDI","RURAL","1"
"2019-10-05T00:00:00.000","76","VALLE DEL CAUCA","76364","JAMUNDI","URBANA","1"
"2019-10-06T00:00:00.000","76","VALLE DEL CAUCA","76364","JAMUNDI","URBANA","1"
"2019-10-07T00:00:00.000","76","VALLE DEL CAUCA","76364","JAMUNDI","URBANA","1"
"2019-10-08T00:00:00.000","76","VALLE DEL CAUCA","76364","JAMUNDI","URBANA","1"
"2019-10-09T00:00:00.000","76","VALLE DEL CAUCA","76364","JAMUNDI","URBANA","1"
"2019-10-10T00:00:00.000","76","VALLE DEL CAUCA","76364","JAMUNDI","URBANA","1"
"2019-10-13T00:00:00.000","76","VALLE DEL CAUCA","76364","JAMUNDI","RURAL","1"
"2019-10-13T00:00:00.000","76","VALLE DEL CAUCA","76364","JAMUNDI","URBANA","1"
"2019-10-14T00:00:00.000","76","VALLE DEL CAUCA","76364","JAMUNDI","RURAL","1"
"2019-10-18T00:00:00.000","76","VALLE DEL CAUCA","76364","JAMUNDI","URBANA","2"
"2019-10-21T00:00:00.000","76","VALLE DEL CAUCA","76364","JAMUNDI","URBANA","2"
"2019-10-22T00:00:00.000","76","VALLE DEL CAUCA","76364","JAMUNDI","URBANA","1"
"2019-10-23T00:00:00.000","76","VALLE DEL CAUCA","76364","JAMUNDI","URBANA","1"
"2019-10-26T00:00:00.000","76","VALLE DEL CAUCA","76364","JAMUNDI","URBANA","1"
"2019-10-28T00:00:00.000","76","VALLE DEL CAUCA","76364","JAMUNDI","URBANA","1"
"2019-10-29T00:00:00.000","76","VALLE DEL CAUCA","76364","JAMUNDI","URBANA","1"
"2019-10-30T00:00:00.000","76","VALLE DEL CAUCA","76364","JAMUNDI","URBANA","1"
"2019-11-10T00:00:00.000","76","VALLE DEL CAUCA","76364","JAMUNDI","URBANA","1"
"2019-11-11T00:00:00.000","76","VALLE DEL CAUCA","76364","JAMUNDI","RURAL","2"
"2019-11-14T00:00:00.000","76","VALLE DEL CAUCA","76364","JAMUNDI","URBANA","1"
"2019-11-17T00:00:00.000","76","VALLE DEL CAUCA","76364","JAMUNDI","URBANA","2"
"2019-11-18T00:00:00.000","76","VALLE DEL CAUCA","76364","JAMUNDI","URBANA","2"
"2019-11-18T00:00:00.000","76","VALLE DEL CAUCA","76364","JAMUNDI","URBANA","1"
"2019-11-19T00:00:00.000","76","VALLE DEL CAUCA","76364","JAMUNDI","RURAL","1"
"2019-11-24T00:00:00.000","76","VALLE DEL CAUCA","76364","JAMUNDI","URBANA","1"
"2019-11-24T00:00:00.000","76","VALLE DEL CAUCA","76364","JAMUNDI","URBANA","1"
"2019-11-28T00:00:00.000","76","VALLE DEL CAUCA","76364","JAMUNDI","URBANA","1"
"2019-11-29T00:00:00.000","76","VALLE DEL CAUCA","76364","JAMUNDI","URBANA","1"
"2019-12-01T00:00:00.000","76","VALLE DEL CAUCA","76364","JAMUNDI","URBANA","1"
"2019-12-02T00:00:00.000","76","VALLE DEL CAUCA","76364","JAMUNDI","URBANA","1"
"2019-12-03T00:00:00.000","76","VALLE DEL CAUCA","76364","JAMUNDI","URBANA","1"
"2019-12-03T00:00:00.000","76","VALLE DEL CAUCA","76364","JAMUNDI","URBANA","1"
"2019-12-05T00:00:00.000","76","VALLE DEL CAUCA","76364","JAMUNDI","URBANA","1"
"2019-12-07T00:00:00.000","76","VALLE DEL CAUCA","76364","JAMUNDI","URBANA","1"
"2019-12-08T00:00:00.000","76","VALLE DEL CAUCA","76364","JAMUNDI","RURAL","1"
"2019-12-08T00:00:00.000","76","VALLE DEL CAUCA","76364","JAMUNDI","URBANA","1"
"2019-12-09T00:00:00.000","76","VALLE DEL CAUCA","76364","JAMUNDI","URBANA","1"
"2019-12-11T00:00:00.000","76","VALLE DEL CAUCA","76364","JAMUNDI","URBANA","1"
"2019-12-12T00:00:00.000","76","VALLE DEL CAUCA","76364","JAMUNDI","URBANA","1"
"2019-12-13T00:00:00.000","76","VALLE DEL CAUCA","76364","JAMUNDI","URBANA","2"
"2019-12-13T00:00:00.000","76","VALLE DEL CAUCA","76364","JAMUNDI","URBANA","1"
"2019-12-18T00:00:00.000","76","VALLE DEL CAUCA","76364","JAMUNDI","URBANA","1"
"2019-12-20T00:00:00.000","76","VALLE DEL CAUCA","76364","JAMUNDI","URBANA","1"
"2019-12-21T00:00:00.000","76","VALLE DEL CAUCA","76364","JAMUNDI","RURAL","1"
"2019-12-23T00:00:00.000","76","VALLE DEL CAUCA","76364","JAMUNDI","RURAL","1"
"2019-12-23T00:00:00.000","76","VALLE DEL CAUCA","76364","JAMUNDI","URBANA","1"
"2019-12-23T00:00:00.000","76","VALLE DEL CAUCA","76364","JAMUNDI","RURAL","1"
"2019-12-25T00:00:00.000","76","VALLE DEL CAUCA","76364","JAMUNDI","URBANA","2"
"2019-12-25T00:00:00.000","76","VALLE DEL CAUCA","76364","JAMUNDI","URBANA","1"
"2019-12-27T00:00:00.000","76","VALLE DEL CAUCA","76364","JAMUNDI","URBANA","1"
"2019-12-29T00:00:00.000","76","VALLE DEL CAUCA","76364","JAMUNDI","URBANA","2"
"2020-01-01T00:00:00.000","76","VALLE DEL CAUCA","76364","JAMUNDI","URBANA","1"
"2020-01-01T00:00:00.000","76","VALLE DEL CAUCA","76364","JAMUNDI","RURAL","1"
"2020-01-01T00:00:00.000","76","VALLE DEL CAUCA","76364","JAMUNDI","URBANA","3"
"2020-01-02T00:00:00.000","76","VALLE DEL CAUCA","76364","JAMUNDI","URBANA","1"
"2020-01-02T00:00:00.000","76","VALLE DEL CAUCA","76364","JAMUNDI","URBANA","1"
"2020-01-05T00:00:00.000","76","VALLE DEL CAUCA","76364","JAMUNDI","URBANA","2"
"2020-01-07T00:00:00.000","76","VALLE DEL CAUCA","76364","JAMUNDI","URBANA","1"
"2020-01-09T00:00:00.000","76","VALLE DEL CAUCA","76364","JAMUNDI","URBANA","3"
"2020-01-14T00:00:00.000","76","VALLE DEL CAUCA","76364","JAMUNDI","URBANA","2"
"2020-01-15T00:00:00.000","76","VALLE DEL CAUCA","76364","JAMUNDI","URBANA","2"
"2020-01-17T00:00:00.000","76","VALLE DEL CAUCA","76364","JAMUNDI","URBANA","1"
"2020-01-19T00:00:00.000","76","VALLE DEL CAUCA","76364","JAMUNDI","URBANA","1"
"2020-01-21T00:00:00.000","76","VALLE DEL CAUCA","76364","JAMUNDI","URBANA","1"
"2020-01-22T00:00:00.000","76","VALLE DEL CAUCA","76364","JAMUNDI","URBANA","1"
"2020-01-23T00:00:00.000","76","VALLE DEL CAUCA","76364","JAMUNDI","URBANA","1"
"2020-01-29T00:00:00.000","76","VALLE DEL CAUCA","76364","JAMUNDI","URBANA","1"
"2020-02-01T00:00:00.000","76","VALLE DEL CAUCA","76364","JAMUNDI","URBANA","2"
"2020-02-02T00:00:00.000","76","VALLE DEL CAUCA","76364","JAMUNDI","RURAL","1"
"2020-02-03T00:00:00.000","76","VALLE DEL CAUCA","76364","JAMUNDI","URBANA","1"
"2020-02-05T00:00:00.000","76","VALLE DEL CAUCA","76364","JAMUNDI","URBANA","1"
"2020-02-05T00:00:00.000","76","VALLE DEL CAUCA","76364","JAMUNDI","URBANA","1"
"2020-02-07T00:00:00.000","76","VALLE DEL CAUCA","76364","JAMUNDI","URBANA","1"
"2020-02-08T00:00:00.000","76","VALLE DEL CAUCA","76364","JAMUNDI","URBANA","1"
"2020-02-12T00:00:00.000","76","VALLE DEL CAUCA","76364","JAMUNDI","URBANA","2"
"2020-02-13T00:00:00.000","76","VALLE DEL CAUCA","76364","JAMUNDI","URBANA","1"
"2020-02-17T00:00:00.000","76","VALLE DEL CAUCA","76364","JAMUNDI","URBANA","1"
"2020-02-17T00:00:00.000","76","VALLE DEL CAUCA","76364","JAMUNDI","URBANA","3"
"2020-02-18T00:00:00.000","76","VALLE DEL CAUCA","76364","JAMUNDI","URBANA","1"
"2020-02-21T00:00:00.000","76","VALLE DEL CAUCA","76364","JAMUNDI","URBANA","1"
"2020-02-22T00:00:00.000","76","VALLE DEL CAUCA","76364","JAMUNDI","URBANA","1"
"2020-02-23T00:00:00.000","76","VALLE DEL CAUCA","76364","JAMUNDI","URBANA","1"
"2020-02-24T00:00:00.000","76","VALLE DEL CAUCA","76364","JAMUNDI","URBANA","1"
